-0_ww2ACIw8.jpg,0.4329268292682927,0.6666666666666666
-0YZgPxq04k.jpg,0.5182926829268293,0.4186991869918699
-1qb8SIBzKY.jpg,0.42886178861788615,0.3902439024390244
-2loC3xzDF8.jpg,0.4735772357723577,0.6422764227642277
-3cTY-Q6k88.jpg,0.6158536585365854,0.44308943089430897
-3qSsolbivo.jpg,0.4532520325203252,0.4634146341463415
-3uIUqsR-Rw.jpg,0.2621951219512195,0.483739837398374
-4AR-vVjAbM.jpg,0.32723577235772355,0.5894308943089431
-4qCLz3r1s8.jpg,0.42073170731707316,0.2845528455284553
-4WLn9giArE.jpg,0.4369918699186992,0.5203252032520326
-5_tGk7SUuM.jpg,0.4898373983739837,0.34959349593495936
-5WWw6DeQ8w.jpg,0.4247967479674797,0.4146341463414634
-6h-oYfdZDA.jpg,0.3638211382113821,0.3943089430894309
-6i6a23H5Ho.jpg,0.4166666666666667,0.4024390243902439
-6JK87e42iQ.jpg,0.4532520325203252,0.35365853658536583
-6-uqd2hMCg.jpg,0.5345528455284553,0.6097560975609756
-7Mfzok9LNk.jpg,0.5182926829268293,0.4105691056910569
-7pW0Lv1Zmo.jpg,0.4532520325203252,0.44715447154471544
-7_yLivAnMc.jpg,0.3231707317073171,0.508130081300813
-8dtqke9Z_0.jpg,0.38414634146341464,0.4105691056910569
-93ArahrTKc.jpg,0.4451219512195122,0.45121951219512196
-95yF3Q4l8s.jpg,0.717479674796748,0.4349593495934959
-_0lTCpTMsI.jpg,0.3394308943089431,0.5691056910569106
_0JilSuYCvc.jpg,0.28252032520325204,0.5365853658536586
_0rXmiM1uzk.jpg,0.4573170731707317,0.5528455284552846
_0TevBj2F1M.jpg,0.5914634146341463,0.5
_1DFlakaznE.jpg,0.6361788617886179,0.7113821138211383
_1iEJewMxKk.jpg,0.42073170731707316,0.42276422764227645
_1rpqoEwUtw.jpg,0.4573170731707317,0.35365853658536583
_2QGPTS1j3k.jpg,0.7378048780487805,0.3983739837398374
_2Q-IzfYDmc.jpg,0.5060975609756098,0.6463414634146342
_2rf0fMIec8.jpg,0.29878048780487804,0.43902439024390244
_4DNallhzNA.jpg,0.6117886178861789,0.6016260162601627
_5xFwCrB4iI.jpg,0.3800813008130081,0.45528455284552843
_6iV1AJZ53s.jpg,0.2865853658536585,0.6991869918699187
_7a8Y0FNeZE.jpg,0.5386178861788617,0.15447154471544716
_8vovuZCj0c.jpg,0.6849593495934959,0.3089430894308943
_8xbFVl8ldU.jpg,0.39634146341463417,0.6016260162601627
_9ItevtI7Zs.jpg,0.30284552845528456,0.508130081300813
_9-ni_UhjZg.jpg,0.49390243902439024,0.6422764227642277
_9rJv47SMXQ.jpg,0.22560975609756098,0.3252032520325203
_58DIXD9PJ4.jpg,0.3719512195121951,0.491869918699187
_72NMJyq6mU.jpg,0.5426829268292683,0.3821138211382114
_88DsHh1F20.jpg,0.5142276422764228,0.4024390243902439
__1Mu7EZXOM.jpg,0.5426829268292683,0.4065040650406504
0ABCZ9bTsw4.jpg,0.48577235772357724,0.3902439024390244
0afeQmNB2g8.jpg,0.48577235772357724,0.44715447154471544
0A-hKmGN-og.jpg,0.28252032520325204,0.3699186991869919
0arBExmGkwM.jpg,0.5020325203252033,0.556910569105691
0ASyt0Opn1k.jpg,0.4247967479674797,0.34959349593495936
0aUxXCbg-c0.jpg,0.5304878048780488,0.3333333333333333
0aYGuHdeQs4.jpg,0.3638211382113821,0.15853658536585366
0AZoKtwcTEs.jpg,0.5020325203252033,0.45121951219512196
0b7CIkTssHI.jpg,0.3597560975609756,0.508130081300813
0-B75Xgap10.jpg,0.4817073170731707,0.4715447154471545
00B1V72UCGo.jpg,0.5101626016260162,0.7073170731707317
0B3wG1Q45zY.jpg,0.6321138211382114,0.5487804878048781
00bdG0g6CiE.jpg,0.5101626016260162,0.43089430894308944
0BZfRVas6-4.jpg,0.5386178861788617,0.44715447154471544
0cg6yKJIFJ4.jpg,0.4166666666666667,0.46747967479674796
0cSOFraG4uc.jpg,0.2540650406504065,0.4146341463414634
0DFk--9cWO4.jpg,0.39227642276422764,0.5772357723577236
0dmBcIp28Gc.jpg,0.5873983739837398,0.45934959349593496
0DosbK_etK8.jpg,0.4654471544715447,0.6178861788617886
0Duw1wFCBEA.jpg,0.5223577235772358,0.3089430894308943
0-DzdeXdejU.jpg,0.4166666666666667,0.516260162601626
0eCPVce7Utk.jpg,0.3882113821138211,0.3617886178861789
0EfhvSvOhFI.jpg,0.5508130081300813,0.45934959349593496
0EOzs194BXQ.jpg,0.4613821138211382,0.3983739837398374
0et_5SA0p4A.jpg,0.5711382113821138,0.4105691056910569
0ETSZYPjvDo.jpg,0.3353658536585366,0.556910569105691
0EVL1vLA5SM.jpg,0.4166666666666667,0.16666666666666666
0ex5ixoTnRw.jpg,0.5020325203252033,0.6747967479674797
0fhQYNv2nzE.jpg,0.49796747967479676,0.7520325203252033
0fXVQP_KdFk.jpg,0.4735772357723577,0.5
0fZGLERdNdM.jpg,0.5020325203252033,0.5
0G4QNbmlYdw.jpg,0.5020325203252033,0.47560975609756095
0gf57cIqNmc.jpg,0.3638211382113821,0.33739837398373984
0g-j9lB26IY.jpg,0.40447154471544716,0.2926829268292683
0GM9rnGzBUI.jpg,0.40040650406504064,0.483739837398374
0gNVyfQMRVI.jpg,0.4613821138211382,0.44715447154471544
0goAIAtLlF4.jpg,0.42073170731707316,0.3902439024390244
0gRNYjAwv8Y.jpg,0.47764227642276424,0.5813008130081301
0H92ha6c9SI.jpg,0.5223577235772358,0.44308943089430897
0hdnu8DcSDk.jpg,0.7215447154471545,0.46747967479674796
0hDR599-5I0.jpg,0.6727642276422764,0.4634146341463415
0hFK_7mbJ_Q.jpg,0.6158536585365854,0.3983739837398374
0hHCIHyUN0E.jpg,0.4817073170731707,0.4186991869918699
0HW_3j-trn8.jpg,0.5426829268292683,0.4878048780487805
0HzReGi-sRc.jpg,0.3719512195121951,0.3008130081300813
0iAxBDECbaE.jpg,0.4613821138211382,0.5447154471544715
0iCpJsz6X8c.jpg,0.29471544715447157,0.5203252032520326
0IME-S3QeXk.jpg,0.29878048780487804,0.7032520325203252
0ImqAx2eZIQ.jpg,0.4654471544715447,0.44308943089430897
0iNLhORjMGM.jpg,0.49390243902439024,0.4796747967479675
0iOOw41DZ28.jpg,0.5995934959349594,0.6626016260162602
0iP9e8u_zhA.jpg,0.5060975609756098,0.4268292682926829
0J3_p-xc9s8.jpg,0.6239837398373984,0.43902439024390244
0JDgQ82R1mc.jpg,0.4613821138211382,0.6056910569105691
0J-i1vNmyfY.jpg,0.3556910569105691,0.5447154471544715
0jy-e04bmaE.jpg,0.6239837398373984,0.2926829268292683
0JyYRzjQHAQ.jpg,0.6036585365853658,0.44715447154471544
0K8f4RRMFhA.jpg,0.4695121951219512,0.5772357723577236
0kiYSEyChqQ.jpg,0.40853658536585363,0.47560975609756095
0KleqkJzL1k.jpg,0.5345528455284553,0.3861788617886179
0KwXPynNlEE.jpg,0.5223577235772358,0.5284552845528455
0kxebH7U7xg.jpg,0.3556910569105691,0.43089430894308944
0l4R1F3bFxA.jpg,0.5182926829268293,0.6910569105691057
0lHIMPhRtN8.jpg,0.4654471544715447,0.508130081300813
0LnXtS8DUZI.jpg,0.3434959349593496,0.45121951219512196
0Lny4YLxIFA.jpg,0.29878048780487804,0.43902439024390244
0MUyISRt0TU.jpg,0.6524390243902439,0.7398373983739838
0n5uU9M_7p8.jpg,0.4735772357723577,0.4959349593495935
0NFaTBh5wHM.jpg,0.4695121951219512,0.540650406504065
0NmTMg7dEA4.jpg,0.29471544715447157,0.491869918699187
0NtTrIodzuw.jpg,0.6443089430894309,0.5528455284552846
0nulATHut58.jpg,0.4573170731707317,0.47560975609756095
0NZDUuQvjcI.jpg,0.4573170731707317,0.5894308943089431
0o3Cfq6WJ6Y.jpg,0.3800813008130081,0.491869918699187
0O0Cia89YLU.jpg,0.48577235772357724,0.6300813008130082
0O9A0F_d1qA.jpg,0.4735772357723577,0.4715447154471545
0oPxs0YFdww.jpg,0.5101626016260162,0.491869918699187
0OqCRbwWu6g.jpg,0.5345528455284553,0.35772357723577236
0p6YX-UWfrs.jpg,0.5304878048780488,0.483739837398374
0P6DQFg6GiA.jpg,0.49796747967479676,0.3821138211382114
0Q1hQfPmQ5k.jpg,0.5101626016260162,0.6138211382113821
0Q3m0UJlRyM.jpg,0.3556910569105691,0.7804878048780488
0QdIJgNmMdg.jpg,0.3638211382113821,0.4349593495934959
0qEmA2h57Pk.jpg,0.4695121951219512,0.36585365853658536
0QKDO0pQSmY.jpg,0.38414634146341464,0.573170731707317
0qlJUqj9_vY.jpg,0.4573170731707317,0.43089430894308944
0qRSzNyjvsI.jpg,0.48577235772357724,0.37398373983739835
0qv-EyDsi58.jpg,0.40040650406504064,0.5487804878048781
0rPV2_Wr-JE.jpg,0.29065040650406504,0.4878048780487805
0RTmv1Kx9Qk.jpg,0.5223577235772358,0.7113821138211383
0sCeeplP7kA.jpg,0.3882113821138211,0.47560975609756095
0SlRoqqEF2Y.jpg,0.48577235772357724,0.45528455284552843
0T3R-QVgXUg.jpg,0.5548780487804879,0.21138211382113822
0T8ePa8D-1w.jpg,0.5060975609756098,0.4796747967479675
0TPmrjTXjSs.jpg,0.6808943089430894,0.5894308943089431
0tr6IDnQlmQ.jpg,0.6686991869918699,0.34552845528455284
0tykfPL2U7w.jpg,0.5589430894308943,0.5365853658536586
0UAb0KxYiyw.jpg,0.49390243902439024,0.34146341463414637
0uaSThUbRmA.jpg,0.41260162601626016,0.516260162601626
0uCr6UeCrmc.jpg,0.4613821138211382,0.43902439024390244
0ufkmj46xvU.jpg,0.5792682926829268,0.4959349593495935
0ugpg5ordnE.jpg,0.49796747967479676,0.573170731707317
0ulvCH8PI1E.jpg,0.5142276422764228,0.45934959349593496
0uPV-K67DaU.jpg,0.48577235772357724,0.45934959349593496
0VbO85mcRqo.jpg,0.5386178861788617,0.5
0_vRmdJe3Qo.jpg,0.4369918699186992,0.43902439024390244
0vyC_VrdoNw.jpg,0.5670731707317073,0.27235772357723576
0w30TD5VuCg.jpg,0.38414634146341464,0.23577235772357724
0wTnTOnLIos.jpg,0.3231707317073171,0.6544715447154471
0wyjE0FzVm4.jpg,0.6239837398373984,0.3943089430894309
0wyzsMi8sb8.jpg,0.5020325203252033,0.47560975609756095
0-xL6W2pJOU.jpg,0.6077235772357723,0.3170731707317073
0xYkkvLu9So.jpg,0.4369918699186992,0.47560975609756095
0-YcgK37WMU.jpg,0.4898373983739837,0.6260162601626016
0YDprNhG5_o.jpg,0.4369918699186992,0.3089430894308943
0yeDc5fOgu4.jpg,0.5060975609756098,0.4878048780487805
0Yic_X6GLbY.jpg,0.4817073170731707,0.4065040650406504
0YLDM5Tsrik.jpg,0.733739837398374,0.516260162601626
0YMDG0UTwSg.jpg,0.4451219512195122,0.8008130081300813
0ytwNH74s3A.jpg,0.5426829268292683,0.37398373983739835
0yuIA1K7LyA.jpg,0.49390243902439024,0.46747967479674796
0yYGjlBGiaA.jpg,0.5020325203252033,0.4715447154471545
0z_f5Ksxah8.jpg,0.5345528455284553,0.5813008130081301
0ZHvH8DITFA.jpg,0.31910569105691056,0.4796747967479675
0zPMieZk240.jpg,0.5101626016260162,0.4146341463414634
1_5J6uHtees.jpg,0.3800813008130081,0.5487804878048781
1AGWetTYusU.jpg,0.2621951219512195,0.556910569105691
1ai1ZhbnrhA.jpg,0.3313008130081301,0.491869918699187
1aJiV6n-z0c.jpg,0.5467479674796748,0.34552845528455284
1aqRkSR-66c.jpg,0.6280487804878049,0.4024390243902439
1axC9P7Qg2I.jpg,0.4898373983739837,0.3617886178861789
1B9mMpjb7iI.jpg,0.4817073170731707,0.3821138211382114
1bel5M-40v4.jpg,0.5426829268292683,0.4715447154471545
1bTun4Tr0-w.jpg,0.49796747967479676,0.4878048780487805
1BuzFn7GT5s.jpg,0.4613821138211382,0.7195121951219512
1CcjT68gMRM.jpg,0.5101626016260162,0.2601626016260163
1C_fT-mKdDM.jpg,0.6199186991869918,0.34552845528455284
1ciHU-qPifY.jpg,0.5101626016260162,0.4024390243902439
1CK8-u2oisU.jpg,0.5873983739837398,0.7682926829268293
1CQjStL89kQ.jpg,0.2703252032520325,0.3821138211382114
1CuRCSwI1NY.jpg,0.47764227642276424,0.45528455284552843
1cVQMljvsnw.jpg,0.48577235772357724,0.5121951219512195
1d2EAoXPQWY.jpg,0.4451219512195122,0.6422764227642277
1dkM0L186v0.jpg,0.6158536585365854,0.5
1dnK-j-difg.jpg,0.5101626016260162,0.6991869918699187
1ebnqIz-lNM.jpg,0.4532520325203252,0.3333333333333333
1Ee4L9DOiBs.jpg,0.49390243902439024,0.491869918699187
1eiUyHTpcn8.jpg,0.5101626016260162,0.508130081300813
1EmRxc-hdcc.jpg,0.5182926829268293,0.3902439024390244
1EPgvrScmsM.jpg,0.49796747967479676,0.44308943089430897
1eReB1OKOr0.jpg,0.22560975609756098,0.44715447154471544
1e_y2TFohKU.jpg,0.4695121951219512,0.37398373983739835
1FDVPV_fx1M.jpg,0.27439024390243905,0.47560975609756095
1FG11z7p7wQ.jpg,0.5630081300813008,0.4959349593495935
1fHy_CKvnMI.jpg,0.40447154471544716,0.43902439024390244
1fJ7DqrrXs0.jpg,0.4369918699186992,0.7276422764227642
1FOI4TLEl0I.jpg,0.47764227642276424,0.5853658536585366
1fUu0dratoM.jpg,0.6727642276422764,0.34959349593495936
1gJDNHzwegI.jpg,0.3638211382113821,0.4146341463414634
1GXoWtfjxqw.jpg,0.4166666666666667,0.4349593495934959
1Gy6L3iJyUI.jpg,0.6971544715447154,0.35365853658536583
1h9c01xe0YY.jpg,0.42886178861788615,0.6178861788617886
1H01-cxRQJY.jpg,0.3597560975609756,0.491869918699187
1hAAiu3JmQY.jpg,0.6036585365853658,0.3902439024390244
1Hnp70OlgkQ.jpg,0.4695121951219512,0.4024390243902439
1HQMBoUPhVk.jpg,0.5264227642276422,0.3252032520325203
1HzX60Vq9ok.jpg,0.49390243902439024,0.44715447154471544
1i2weGC39_s.jpg,0.2540650406504065,0.4959349593495935
1I-fwrMgMMI.jpg,0.38414634146341464,0.7357723577235772
1ioyLcCDldw.jpg,0.6077235772357723,0.6016260162601627
1IQEuE3yPj8.jpg,0.5020325203252033,0.5691056910569106
1_IV9CRLnd8.jpg,0.49390243902439024,0.3861788617886179
1JCme4x9QlU.jpg,0.3231707317073171,0.3089430894308943
1jEcoFpvfEI.jpg,0.676829268292683,0.540650406504065
1jG0HbnO_8o.jpg,0.4613821138211382,0.532520325203252
1jhNSrOxWJY.jpg,0.3516260162601626,0.4634146341463415
1JjQ2sdr5UA.jpg,0.21747967479674796,0.6219512195121951
1jN9xDnedc8.jpg,0.6280487804878049,0.32926829268292684
1JNASpmrnnU.jpg,0.6361788617886179,0.483739837398374
1JXd96WKotU.jpg,0.20528455284552846,0.47560975609756095
1jy4PhuaJPw.jpg,0.5020325203252033,0.4959349593495935
1K3RQsw2mqE.jpg,0.3719512195121951,0.524390243902439
1K5FKIyKVxQ.jpg,0.3516260162601626,0.5447154471544715
1KTOpv3VGMM.jpg,0.4695121951219512,0.32113821138211385
1lHzm_NxIhY.jpg,0.5426829268292683,0.7439024390243902
1lqL7A9x0g0.jpg,0.3638211382113821,0.3252032520325203
1lY3XL_aHu0.jpg,0.4369918699186992,0.556910569105691
1_nDj7Rwm8Y.jpg,0.4410569105691057,0.44308943089430897
1NirmzxIrSU.jpg,0.6402439024390244,0.5772357723577236
1n--m74tt74.jpg,0.7865853658536586,0.5365853658536586
1nQnLdJk-Xs.jpg,0.22967479674796748,0.5365853658536586
1NwEDhtL_QA.jpg,0.49796747967479676,0.6178861788617886
1NWelRMqR4Q.jpg,0.4898373983739837,0.3943089430894309
1O802J9uvng.jpg,0.5467479674796748,0.44308943089430897
1Ofu8QGRFrg.jpg,0.6199186991869918,0.6341463414634146
1_-OO7V94nc.jpg,0.6565040650406504,0.3252032520325203
1OxbIpPE8Po.jpg,0.3313008130081301,0.23170731707317074
1P9_gs54iZw.jpg,0.6808943089430894,0.6463414634146342
1PehHv0VwFM.jpg,0.3800813008130081,0.4024390243902439
1PhcPDabyu8.jpg,0.4613821138211382,0.483739837398374
01pLqeRHTwc.jpg,0.709349593495935,0.45934959349593496
1PlrzNhc_KQ.jpg,0.4532520325203252,0.47560975609756095
1PQYdjt7oxk.jpg,0.5182926829268293,0.22764227642276422
1Q9whdktZNU.jpg,0.4247967479674797,0.3089430894308943
1qVS-o_OfrA.jpg,0.6117886178861789,0.43089430894308944
1QYtLPzPXb0.jpg,0.4451219512195122,0.4105691056910569
1rC6XZ16l-A.jpg,0.5711382113821138,0.532520325203252
1rridJacwTQ.jpg,0.5508130081300813,0.3170731707317073
1ruQcIcp3wg.jpg,0.5142276422764228,0.2601626016260163
1RYcMd8xz14.jpg,0.6321138211382114,0.5447154471544715
1SK0MfuNIEQ.jpg,0.40040650406504064,0.4105691056910569
1SU-B1-Tt-0.jpg,0.6443089430894309,0.6138211382113821
1s_x77v6xQo.jpg,0.3800813008130081,0.47560975609756095
1t6K4S2r5kU.jpg,0.3394308943089431,0.44308943089430897
1tDn0aP1UJc.jpg,0.8597560975609756,0.6300813008130082
1tpePb85fzM.jpg,0.6849593495934959,0.34959349593495936
1ts13gEKEww.jpg,0.6036585365853658,0.4105691056910569
1UCj8BZEqRw.jpg,0.7703252032520326,0.556910569105691
1ufh4CgvFls.jpg,0.49390243902439024,0.556910569105691
1UFTd1eRamE.jpg,0.3719512195121951,0.44715447154471544
1vdeG14o9XI.jpg,0.4369918699186992,0.3089430894308943
1VgfQdCuX-4.jpg,0.6077235772357723,0.5487804878048781
1VIRv1zTbpw.jpg,0.5589430894308943,0.6056910569105691
1Vol-slagq4.jpg,0.5101626016260162,0.32113821138211385
1-vouQEaHOA.jpg,0.5386178861788617,0.26422764227642276
1V_ze5Oc-GU.jpg,0.5914634146341463,0.7398373983739838
1wbuiSHrvyI.jpg,0.4735772357723577,0.573170731707317
1whm4uDjX4w.jpg,0.49390243902439024,0.5691056910569106
1WhW787C2UE.jpg,0.41260162601626016,0.46747967479674796
1wi2kDgq3tw.jpg,0.7215447154471545,0.516260162601626
1WnJiWvCBWY.jpg,0.4329268292682927,0.3780487804878049
1wQbtsNa5K8.jpg,0.5589430894308943,0.7032520325203252
1wrzvwoK8A4.jpg,0.6117886178861789,0.8170731707317073
1wX5lrOmg0s.jpg,0.4817073170731707,0.35772357723577236
1x9ElmBT7t0.jpg,0.7012195121951219,0.5609756097560976
1X6uV3-ijUI.jpg,0.5752032520325203,0.5447154471544715
1XvjS1fCrms.jpg,0.5995934959349594,0.35772357723577236
1ykxJPkXu3k.jpg,0.693089430894309,0.3617886178861789
1YP1idcknWw.jpg,0.5060975609756098,0.5203252032520326
1Ytzecs_XU4.jpg,0.6849593495934959,0.6666666666666666
1YUvawZCV6Y.jpg,0.3353658536585366,0.556910569105691
1zFK6HwV0bA.jpg,0.5914634146341463,0.32113821138211385
1ZfrBTMl8SA.jpg,0.5345528455284553,0.556910569105691
1-Zg4MzUH2c.jpg,0.5182926829268293,0.5203252032520326
1Zgn-Xg1xGg.jpg,0.5060975609756098,0.573170731707317
1ZjqipMFzeM.jpg,0.4410569105691057,0.36585365853658536
1ZLNmP7-KUM.jpg,0.37601626016260165,0.524390243902439
1znndlyYTsU.jpg,0.41260162601626016,0.21544715447154472
2_3g53wNQk8.jpg,0.4573170731707317,0.34146341463414637
2a1fvSaGhgs.jpg,0.4329268292682927,0.3902439024390244
2aPfcyAC2cc.jpg,0.5548780487804879,0.45121951219512196
2AseoUiNxlI.jpg,0.49390243902439024,0.43902439024390244
2AX7usznmyQ.jpg,0.5060975609756098,0.491869918699187
2bh6mF9CBHY.jpg,0.6280487804878049,0.45934959349593496
2BoY-CIi2Aw.jpg,0.5670731707317073,0.5121951219512195
2bpKjY8tuSI.jpg,0.42073170731707316,0.25609756097560976
2-Bq_AGZyr8.jpg,0.6646341463414634,0.45528455284552843
2bU8FGDhMFQ.jpg,0.5020325203252033,0.5
2c5RRn0uS6Q.jpg,0.39634146341463417,0.4796747967479675
2CfZuXbzdO0.jpg,0.7296747967479674,0.532520325203252
2CJIkl-df2M.jpg,0.5873983739837398,0.2804878048780488
2cL8ZO7FekI.jpg,0.5101626016260162,0.5203252032520326
2_CRBTyieWo.jpg,0.48577235772357724,0.573170731707317
2CubIH6NMEo.jpg,0.4654471544715447,0.508130081300813
2DADsNcfqqs.jpg,0.6158536585365854,0.5365853658536586
2DcQEdb0-3c.jpg,0.4613821138211382,0.3943089430894309
2dH6QL2sS0U.jpg,0.6971544715447154,0.34146341463414637
2E946jsOFvE.jpg,0.3597560975609756,0.3617886178861789
2EmLMaTshko.jpg,0.3597560975609756,0.4146341463414634
2eubG_o4gLc.jpg,0.4817073170731707,0.6219512195121951
2fFVsZjGZCg.jpg,0.39227642276422764,0.524390243902439
2FM9g-vAkJg.jpg,0.5223577235772358,0.3252032520325203
2g1gyEumIrE.jpg,0.3678861788617886,0.44715447154471544
2G5a0GqdQxA.jpg,0.48577235772357724,0.516260162601626
2GAvdXQ6Xp8.jpg,0.3638211382113821,0.7195121951219512
2gCNcAvkGEY.jpg,0.4247967479674797,0.5609756097560976
2gMDqim35xw.jpg,0.5304878048780488,0.45121951219512196
2gNx4aKQYvY.jpg,0.4532520325203252,0.6463414634146342
2h8LxlRo5ow.jpg,0.5020325203252033,0.5365853658536586
2H5V0cvEk_8.jpg,0.741869918699187,0.573170731707317
2hdkQxyEvPc.jpg,0.5304878048780488,0.42276422764227645
2HGOde2Wyy8.jpg,0.4817073170731707,0.21544715447154472
2HI-i7o1qQc.jpg,0.4247967479674797,0.7682926829268293
2_Hq-7KKL4I.jpg,0.5020325203252033,0.4959349593495935
2hSypX6qBew.jpg,0.6239837398373984,0.37398373983739835
2IIVCliix0A.jpg,0.4735772357723577,0.7804878048780488
2ItamjVvf-0.jpg,0.5182926829268293,0.42276422764227645
2ixYuIJ83U4.jpg,0.5955284552845529,0.4186991869918699
2jA_YoQuvaA.jpg,0.5060975609756098,0.3130081300813008
2jHoLjbJrdw.jpg,0.5589430894308943,0.5853658536585366
2j_N7qzz_-s.jpg,0.5020325203252033,0.556910569105691
2jZtqOxWxwI.jpg,0.4573170731707317,0.3861788617886179
2Ka0oKSMxVE.jpg,0.2784552845528455,0.47560975609756095
2kgCGiNLuh0.jpg,0.733739837398374,0.5975609756097561
2_kiYSibmh4.jpg,0.5467479674796748,0.4105691056910569
2kotGxwlAIo.jpg,0.7378048780487805,0.483739837398374
2kSZ19vYkKI.jpg,0.5223577235772358,0.6951219512195121
2kTJ7nZMa_s.jpg,0.49390243902439024,0.3861788617886179
2l6nNAqmPj8.jpg,0.6443089430894309,0.5040650406504065
2LG10PhcU44.jpg,0.20934959349593496,0.573170731707317
2Lt00BcNrhw.jpg,0.5101626016260162,0.3089430894308943
2lVzJLUazPA.jpg,0.49390243902439024,0.2886178861788618
2lXW8pjnuFs.jpg,0.6158536585365854,0.3617886178861789
2_M5YygFMqo.jpg,0.38414634146341464,0.532520325203252
2mG78qrzhTo.jpg,0.4247967479674797,0.32926829268292684
2MO_9uDDu30.jpg,0.31097560975609756,0.42276422764227645
2mqbXtsgP7g.jpg,0.3394308943089431,0.3008130081300813
2mSzfaseWvg.jpg,0.4532520325203252,0.5934959349593496
2mTvI_sbFTA.jpg,0.5060975609756098,0.516260162601626
2mXZPiI3FIY.jpg,0.4613821138211382,0.45121951219512196
2n4xPjN_fRk.jpg,0.6727642276422764,0.42276422764227645
2Nd8o0IuEGA.jpg,0.6727642276422764,0.45528455284552843
2NitDiiC_rY.jpg,0.4532520325203252,0.508130081300813
2nkth4yfAAI.jpg,0.4491869918699187,0.540650406504065
2NQEQHcHLBU.jpg,0.5508130081300813,0.6382113821138211
2NYBLRKJnCs.jpg,0.49796747967479676,0.5121951219512195
2o5cSEwAWyI.jpg,0.5142276422764228,0.540650406504065
2o-aXs-aloY.jpg,0.4817073170731707,0.6544715447154471
2OdIzy52OaQ.jpg,0.4695121951219512,0.516260162601626
2OuUx9VDl74.jpg,0.4654471544715447,0.42276422764227645
2oZ_9KuYaEo.jpg,0.709349593495935,0.5894308943089431
2pp6Ak91CkM.jpg,0.4410569105691057,0.4715447154471545
2pSK9oOgCmQ.jpg,0.3516260162601626,0.5853658536585366
2pyjlGXJ4xQ.jpg,0.4451219512195122,0.44715447154471544
2Q8zDWkj0Yw.jpg,0.23373983739837398,0.42276422764227645
2QhVSCUUK8Q.jpg,0.4817073170731707,0.5284552845528455
2qMHr5LFysU.jpg,0.5589430894308943,0.5447154471544715
2qQgdily4tY.jpg,0.4898373983739837,0.5691056910569106
2QRkCnsaqpM.jpg,0.38414634146341464,0.3333333333333333
2QUvkQTBh5s.jpg,0.782520325203252,0.3943089430894309
2rIGLsZzMhY.jpg,0.4817073170731707,0.5040650406504065
2sHW5kPSOG8.jpg,0.4654471544715447,0.45934959349593496
2sJ_9nbUpFc.jpg,0.3434959349593496,0.5691056910569106
2sX9Xq24z6Y.jpg,0.5386178861788617,0.5772357723577236
2SzJk_cNtKs.jpg,0.4695121951219512,0.5813008130081301
2t70V3EF3d4.jpg,0.6117886178861789,0.4146341463414634
2T7SbAVijvE.jpg,0.5142276422764228,0.483739837398374
2TE9VLMNlAI.jpg,0.4735772357723577,0.5203252032520326
2THFkVFcIzE.jpg,0.41260162601626016,0.3821138211382114
2TlKofper84.jpg,0.42886178861788615,0.3252032520325203
2TWVY8WkzNY.jpg,0.4613821138211382,0.5934959349593496
2tZyuvlYSAA.jpg,0.5020325203252033,0.6707317073170732
2U890s9L77g.jpg,0.40040650406504064,0.3699186991869919
2U-2DOIG-8c.jpg,0.29065040650406504,0.2967479674796748
2UJzpXfT8PU.jpg,0.4573170731707317,0.5609756097560976
2UN2HhLhTPE.jpg,0.4247967479674797,0.8333333333333334
2UngTfC3r3Y.jpg,0.5142276422764228,0.508130081300813
2UWYzwHs5vE.jpg,0.42073170731707316,0.7886178861788617
2VAB7Z6nE1Y.jpg,0.5101626016260162,0.4186991869918699
2vHgij_n6q8.jpg,0.6849593495934959,0.4796747967479675
2VnOvjSpI3Q.jpg,0.5548780487804879,0.5853658536585366
02vspxvuZLo.jpg,0.42886178861788615,0.3943089430894309
2vuIY5NSYdo.jpg,0.3475609756097561,0.5487804878048781
2wbG8ZbWjEs.jpg,0.6565040650406504,0.15447154471544716
2WHCbvt1msg.jpg,0.5345528455284553,0.4634146341463415
2WlmpCUZhKw.jpg,0.6565040650406504,0.3617886178861789
2-WOQlC2rjg.jpg,0.4695121951219512,0.3617886178861789
2wY8WGUTUHk.jpg,0.6890243902439024,0.3008130081300813
2WzMZHI8W70.jpg,0.49796747967479676,0.32113821138211385
2xEPqU-8q34.jpg,0.3678861788617886,0.2764227642276423
2XFsg05WUCA.jpg,0.5101626016260162,0.556910569105691
2xgFQNzqTvQ.jpg,0.4735772357723577,0.44308943089430897
2_xkTKvlCu0.jpg,0.5426829268292683,0.3902439024390244
2XlB5L33Asw.jpg,0.7784552845528455,0.47560975609756095
2XLuMShTV-M.jpg,0.676829268292683,0.4878048780487805
2_xN1-zKyLo.jpg,0.3638211382113821,0.3902439024390244
2XrGRxBFYTw.jpg,0.47764227642276424,0.21951219512195122
2yvFooPiiCU.jpg,0.5914634146341463,0.5
2YZsQYtxKJQ.jpg,0.5142276422764228,0.4065040650406504
2Z8JaVIR3DA.jpg,0.4898373983739837,0.6300813008130082
2zGZxc3fpcg.jpg,0.5020325203252033,0.5853658536585366
2zlxFmByClI.jpg,0.725609756097561,0.32113821138211385
3-6mITmMyGI.jpg,0.37601626016260165,0.6097560975609756
3-8GSy13P4Q.jpg,0.5345528455284553,0.516260162601626
3a2A6SkuN8g.jpg,0.4451219512195122,0.4959349593495935
3a20DBlwvYY.jpg,0.3800813008130081,0.7642276422764228
3Aa3VMvyss8.jpg,0.709349593495935,0.5975609756097561
3AbwSH1y9dc.jpg,0.5995934959349594,0.540650406504065
3ACpcGixh2k.jpg,0.29065040650406504,0.524390243902439
3ALWS-fLXEU.jpg,0.5060975609756098,0.3943089430894309
3b8aSFVAoJw.jpg,0.7052845528455285,0.35772357723577236
3bdiIO1vjuU.jpg,0.5345528455284553,0.4796747967479675
3BfiCftN8Ds.jpg,0.5020325203252033,0.8943089430894309
3B_NrzTjajc.jpg,0.3882113821138211,0.5487804878048781
3bOcN07-iKo.jpg,0.49390243902439024,0.1991869918699187
3bOElZGFIBc.jpg,0.3556910569105691,0.5203252032520326
3BoRilpEebo.jpg,0.6646341463414634,0.5609756097560976
3Cgmcux-cpY.jpg,0.6321138211382114,0.4796747967479675
3ChC4Y_Zxws.jpg,0.5060975609756098,0.3333333333333333
3CVquBkD30o.jpg,0.3353658536585366,0.22357723577235772
3CxVpFO739c.jpg,0.49796747967479676,0.3780487804878049
3d2Ec9Kfgxg.jpg,0.2703252032520325,0.8008130081300813
3DDRT7Zp69E.jpg,0.75,0.4715447154471545
3DOQuvKF1Qc.jpg,0.49390243902439024,0.3983739837398374
3E8rLxf0gIM.jpg,0.3638211382113821,0.5772357723577236
3eDUvZeCqBA.jpg,0.18495934959349594,0.5447154471544715
3eFEYj1wAhY.jpg,0.30284552845528456,0.6178861788617886
3eLY9nwyqqE.jpg,0.6036585365853658,0.22764227642276422
03E-nfoFKtE.jpg,0.48577235772357724,0.8252032520325203
3eO-V3J6OO0.jpg,0.4898373983739837,0.3780487804878049
3EsACKTTIQ8.jpg,0.6483739837398373,0.5121951219512195
3FDNIEAT6Qk.jpg,0.3353658536585366,0.3943089430894309
3FFO_aNa5Sc.jpg,0.25,0.3089430894308943
3FVeCbX6OrY.jpg,0.4613821138211382,0.6178861788617886
3GgP7QwGnXQ.jpg,0.2784552845528455,0.5203252032520326
3GkGBBvKCek.jpg,0.5182926829268293,0.6788617886178862
3GRE5b5ZEC4.jpg,0.241869918699187,0.5487804878048781
3HlgJNdnD7I.jpg,0.2459349593495935,0.5040650406504065
3I9DuVQ2INg.jpg,0.4898373983739837,0.7032520325203252
3ID-G4-2Gp4.jpg,0.39227642276422764,0.6463414634146342
3ikHyQtIH94.jpg,0.38414634146341464,0.34146341463414637
3iN8u093I_c.jpg,0.49796747967479676,0.37398373983739835
3isEOm_biCE.jpg,0.4898373983739837,0.5894308943089431
3j1BSrAp8lI.jpg,0.5304878048780488,0.4024390243902439
Bxzrd0p6yOM.jpg,0.4369918699186992,0.5934959349593496
By4VoZNLYlw.jpg,0.516260162601626,0.2804878048780488
bYFwkzeGJtc.jpg,0.4268292682926829,0.43089430894308944
byHgSMW7T4s.jpg,0.8048780487804879,0.508130081300813
BYk4w0QXLEw.jpg,0.43089430894308944,0.46747967479674796
byq4tkp1nmg.jpg,0.45121951219512196,0.3780487804878049
bYsTQKjMsys.jpg,0.4634146341463415,0.491869918699187
Byty74DQRr8.jpg,0.4634146341463415,0.5772357723577236
bYuI23mnmDQ.jpg,0.47560975609756095,0.532520325203252
bYUlCGuYk-o.jpg,0.46747967479674796,0.6056910569105691
bYuo_uVzapM.jpg,0.5447154471544715,0.45121951219512196
bywVO_z3GKs.jpg,0.4959349593495935,0.5203252032520326
BywYl0Fp3pI.jpg,0.7032520325203252,0.4186991869918699
Bz4dHv-9PFQ.jpg,0.6341463414634146,0.3089430894308943
Bz6Lavu8Gho.jpg,0.2886178861788618,0.5447154471544715
b_ZeDZJ6R2I.jpg,0.3170731707317073,0.7357723577235772
bzEfpDMVQzs.jpg,0.5365853658536586,0.5853658536585366
bZlV3QZ6zoU.jpg,0.7317073170731707,0.6219512195121951
BznmBQVqWmo.jpg,0.573170731707317,0.4268292682926829
bzOhmrLjbeI.jpg,0.491869918699187,0.556910569105691
BZpt3Qn09WQ.jpg,0.4146341463414634,0.6341463414634146
bZQ3dkrVi9E.jpg,0.4959349593495935,0.5040650406504065
BZzHWmQUszE.jpg,0.3821138211382114,0.46747967479674796
c0yxo8OEYls.jpg,0.7073170731707317,0.4349593495934959
c1bshOfP_IA.jpg,0.44715447154471544,0.4186991869918699
c1Dyamo2P64.jpg,0.491869918699187,0.4268292682926829
c1GvSm0xf_g.jpg,0.47560975609756095,0.5365853658536586
c2tsGuLi1kc.jpg,0.4186991869918699,0.3861788617886179
c3N7MRjGxTw.jpg,0.4959349593495935,0.47560975609756095
c3wsMnxQZDw.jpg,0.5365853658536586,0.508130081300813
c4haFZYuRq4.jpg,0.5121951219512195,0.3780487804878049
c4HoAUZN1V8.jpg,0.46747967479674796,0.5447154471544715
c4IBsSCuwIU.jpg,0.4878048780487805,0.5365853658536586
c4MEDTlcz4k.jpg,0.45934959349593496,0.573170731707317
c4n-4SSyZ9g.jpg,0.508130081300813,0.5813008130081301
c5g4oNFj5KE.jpg,0.47560975609756095,0.6829268292682927
c5-mCFlanbU.jpg,0.573170731707317,0.540650406504065
c5pNtQ_eIZ0.jpg,0.4959349593495935,0.3902439024390244
c6pK63qYH8k.jpg,0.5447154471544715,0.5365853658536586
c6Q2ANaZqQI.jpg,0.5121951219512195,0.5
c7pX8bZbwCY.jpg,0.45934959349593496,0.6788617886178862
c07Xgi0wS74.jpg,0.5,0.516260162601626
c8yq39WBu3I.jpg,0.4959349593495935,0.4959349593495935
c9MFM8rSMsQ.jpg,0.32113821138211385,0.34146341463414637
c19qlljAdjI.jpg,0.491869918699187,0.4715447154471545
c54ZhWDLEDo.jpg,0.6178861788617886,0.32113821138211385
c60glX9yzYU.jpg,0.34552845528455284,0.15853658536585366
C0edGRyDr7I.jpg,0.6504065040650406,0.4268292682926829
C0OD8OM-oM0.jpg,0.5772357723577236,0.5772357723577236
C0TdqVpiui0.jpg,0.516260162601626,0.44308943089430897
C0vrrH7u8RA.jpg,0.6260162601626016,0.4959349593495935
C1ccrG_QW8c.jpg,0.5284552845528455,0.42276422764227645
C1J_eSGNPt0.jpg,0.34959349593495936,0.32926829268292684
C2a4RGapd8s.jpg,0.508130081300813,0.4349593495934959
C2UUFseZ8Lk.jpg,0.491869918699187,0.4959349593495935
C2yqyXU9r3k.jpg,0.5,0.25203252032520324
C3pzgcA3Uk0.jpg,0.5772357723577236,0.4715447154471545
C5Bae2RCCJ0.jpg,0.5894308943089431,0.5
C5Oj0jCdoBo.jpg,0.5975609756097561,0.4065040650406504
C5xOWA6WEG0.jpg,0.516260162601626,0.35365853658536583
C6An4bkYACg.jpg,0.4634146341463415,0.3983739837398374
C6VuGcWjQHc.jpg,0.491869918699187,0.43902439024390244
C8e9e9Z2BCs.jpg,0.508130081300813,0.24796747967479674
C8FiSfPh8IA.jpg,0.5609756097560976,0.5121951219512195
C9IeQMrDm24.jpg,0.556910569105691,0.5
C9xHcya-R6M.jpg,0.5447154471544715,0.5040650406504065
C91Xni-QsnM.jpg,0.46747967479674796,0.5975609756097561
_C2H7B-2JWg.jpg,0.4959349593495935,0.5609756097560976
_C3xxNBMwvI.jpg,0.5853658536585366,0.4959349593495935
Ca2fFQomOEM.jpg,0.5691056910569106,0.4065040650406504
c_AavN5R6YU.jpg,0.5284552845528455,0.540650406504065
CACQDEJknBs.jpg,0.4878048780487805,0.43089430894308944
CAhHSOU8xWI.jpg,0.5,0.7439024390243902
caKJkQm26T0.jpg,0.6747967479674797,0.4146341463414634
CAL8LqubHro.jpg,0.2682926829268293,0.4349593495934959
CApkiAlDSdo.jpg,0.45121951219512196,0.3170731707317073
cApNugbwhIs.jpg,0.5121951219512195,0.5447154471544715
CapqzCpuKQ0.jpg,0.45934959349593496,0.5447154471544715
cAQazM7xh1U.jpg,0.5284552845528455,0.5447154471544715
CaR0iiongDA.jpg,0.4959349593495935,0.34146341463414637
CatpolIjez8.jpg,0.5284552845528455,0.47560975609756095
cAuGFpM2BUA.jpg,0.3902439024390244,0.43902439024390244
cAvucQP-YcY.jpg,0.4878048780487805,0.34552845528455284
CAYBzf-nQL4.jpg,0.491869918699187,0.43902439024390244
cBdAgq9N-Y8.jpg,0.5121951219512195,0.5487804878048781
cBDbj1LF3Qs.jpg,0.483739837398374,0.42276422764227645
CBgeH8kWoAI.jpg,0.4959349593495935,0.4634146341463415
cBhF0ZpMt_M.jpg,0.3861788617886179,0.5040650406504065
CbkqfOupzcI.jpg,0.524390243902439,0.4024390243902439
CbO4HO6IkcU.jpg,0.4268292682926829,0.6138211382113821
_CBSpXHo3Ag.jpg,0.508130081300813,0.6422764227642277
cBTfJpbnxQI.jpg,0.5365853658536586,0.6585365853658537
cBUt6EeWf3I.jpg,0.483739837398374,0.4878048780487805
cbuWlxiYDO4.jpg,0.491869918699187,0.4878048780487805
CbUWu5U7_Fk.jpg,0.483739837398374,0.5203252032520326
CBWrgF1cSuk.jpg,0.508130081300813,0.5853658536585366
cBYOgEBN9BY.jpg,0.5121951219512195,0.43089430894308944
CbZOGbazDWQ.jpg,0.4878048780487805,0.4959349593495935
cCAhpNF6-kU.jpg,0.516260162601626,0.45934959349593496
ccc0jP861H0.jpg,0.43089430894308944,0.4959349593495935
CCLy_uElfcE.jpg,0.5,0.5
Cc-P8USrIn4.jpg,0.5284552845528455,0.5
cCthPLHmrzI.jpg,0.4796747967479675,0.34959349593495936
CCy2UFLO1Mg.jpg,0.44715447154471544,0.4268292682926829
c-cYqnFfeSs.jpg,0.5203252032520326,0.4959349593495935
cd3Uxp19moo.jpg,0.4959349593495935,0.5121951219512195
cd05Lc5N7tE.jpg,0.5,0.3983739837398374
c_d3jgvwonk.jpg,0.516260162601626,0.556910569105691
cD1Qw9Rcwl4.jpg,0.7032520325203252,0.7032520325203252
Cd2QnIKU6dk.jpg,0.540650406504065,0.6138211382113821
CD-5TTTAbLU.jpg,0.45934959349593496,0.43902439024390244
CdbNtePkCSE.jpg,0.5934959349593496,0.45121951219512196
CdBPMI26KDo.jpg,0.4796747967479675,0.5
CDE5bKVxVaQ.jpg,0.516260162601626,0.4796747967479675
CDEzcrsXMyw.jpg,0.5121951219512195,0.5203252032520326
CDk07jpzDus.jpg,0.45121951219512196,0.2886178861788618
C_-DQF-x-N0.jpg,0.5,0.5
CDtOgG8STBg.jpg,0.5040650406504065,0.5121951219512195
-cdWgzDnCCI.jpg,0.4878048780487805,0.42276422764227645
cdZh5dQ-muE.jpg,0.532520325203252,0.4796747967479675
Cee6-HjqSEM.jpg,0.45934959349593496,0.36585365853658536
CEgQkbA-QgU.jpg,0.6585365853658537,0.6341463414634146
ceITO2rlDgc.jpg,0.4186991869918699,0.483739837398374
CePY8WkO9HU.jpg,0.4959349593495935,0.524390243902439
cewnC88UxUQ.jpg,0.5447154471544715,0.47560975609756095
ceyNDNQT7z8.jpg,0.6219512195121951,0.5284552845528455
cF6gNl0EE-E.jpg,0.508130081300813,0.46747967479674796
CF4c2GAker4.jpg,0.6219512195121951,0.4959349593495935
CFaOg5f6vXQ.jpg,0.4349593495934959,0.44308943089430897
cFbNlpRZKi0.jpg,0.5203252032520326,0.4878048780487805
cFgCc3PM-A0.jpg,0.47560975609756095,0.34146341463414637
C_Fr8yUq5yY.jpg,0.3130081300813008,0.6056910569105691
cfR-V1QuEKw.jpg,0.508130081300813,0.491869918699187
cFtVK-xnMC0.jpg,0.532520325203252,0.6341463414634146
CFvqcuMhW5s.jpg,0.6544715447154471,0.508130081300813
CFZrIuCllGE.jpg,0.6707317073170732,0.516260162601626
cg3vVdY04gA.jpg,0.556910569105691,0.3983739837398374
cg9CblfDP4g.jpg,0.5040650406504065,0.6382113821138211
Cg3SuiRip5k.jpg,0.5121951219512195,0.524390243902439
CG1WELHqPrY.jpg,0.524390243902439,0.5487804878048781
CgOaFB56Vyw.jpg,0.4105691056910569,0.540650406504065
cGPWB7UxiBo.jpg,0.46747967479674796,0.34146341463414637
cGUbzDqLCyg.jpg,0.5284552845528455,0.573170731707317
cH5jDvYXwBo.jpg,0.43089430894308944,0.5203252032520326
cH5nLGooui4.jpg,0.5203252032520326,0.4349593495934959
Ch80_uerOEQ.jpg,0.6869918699186992,0.491869918699187
CHanWRzpWeg.jpg,0.4959349593495935,0.34146341463414637
chb2Q85RyOg.jpg,0.5975609756097561,0.4878048780487805
chbXE4o0ryU.jpg,0.4634146341463415,0.4186991869918699
CHca94NvWDE.jpg,0.5487804878048781,0.6666666666666666
chLi1_pz0Yg.jpg,0.5365853658536586,0.516260162601626
C_Hmfumev1w.jpg,0.491869918699187,0.5121951219512195
cHMPGlV-78c.jpg,0.4349593495934959,0.34552845528455284
cHP9WBFKm9o.jpg,0.556910569105691,0.34959349593495936
cHqzh_McpYg.jpg,0.483739837398374,0.45934959349593496
cHseFTbvv_k.jpg,0.5,0.4634146341463415
cHsOM2dvqyY.jpg,0.45934959349593496,0.6666666666666666
ChSvFCbU4pY.jpg,0.573170731707317,0.45934959349593496
cHuKZSqvKgo.jpg,0.5934959349593496,0.5853658536585366
cI5qHkT-LmM.jpg,0.5487804878048781,0.483739837398374
ciahwyO2Y38.jpg,0.5365853658536586,0.7520325203252033
CigdMe3Wn3k.jpg,0.33739837398373984,0.5934959349593496
ciGdq28feDA.jpg,0.4878048780487805,0.45528455284552843
CIjUQRXCA34.jpg,0.532520325203252,0.45528455284552843
ci-Lit-OEnY.jpg,0.5203252032520326,0.3861788617886179
ciMdTo06QuE.jpg,0.491869918699187,0.43902439024390244
CiNqDvXXrj0.jpg,0.5040650406504065,0.35772357723577236
cIOxQvbLWfw.jpg,0.6138211382113821,0.5609756097560976
cj4XksqA3lc.jpg,0.47560975609756095,0.508130081300813
cJC2NmbkvHM.jpg,0.4878048780487805,0.3333333333333333
CjcqO587KRI.jpg,0.5,0.4878048780487805
CjI0sUPPK3M.jpg,0.4878048780487805,0.5487804878048781
cjN-bnlHxHA.jpg,0.34959349593495936,0.3333333333333333
CJrVRKv99SE.jpg,0.3699186991869919,0.45121951219512196
CJt2bK6SEs8.jpg,0.4878048780487805,0.6788617886178862
CjU_8O7fFz8.jpg,0.5813008130081301,0.43902439024390244
CjxbUA36nXA.jpg,0.5487804878048781,0.483739837398374
CK3j0e9oV18.jpg,0.7601626016260162,0.5934959349593496
CkCafqoOlPg.jpg,0.37398373983739835,0.35365853658536583
cKiZU7mARIA.jpg,0.5040650406504065,0.32926829268292684
-CKL7Ohzh7E.jpg,0.4796747967479675,0.3983739837398374
CK_NbNhyTHo.jpg,0.43902439024390244,0.4959349593495935
ckT1cixLmvQ.jpg,0.3617886178861789,0.42276422764227645
CkwM5Mrnd8U.jpg,0.36585365853658536,0.5365853658536586
Cl9HwUKS48I.jpg,0.508130081300813,0.43902439024390244
CL2njJe23H0.jpg,0.34959349593495936,0.5284552845528455
clKgdzM7X58.jpg,0.8373983739837398,0.5853658536585366
cLPrRH4TOe8.jpg,0.508130081300813,0.6869918699186992
cLRvJPVw69U.jpg,0.45121951219512196,0.4959349593495935
Clwh1mksdAM.jpg,0.6463414634146342,0.3902439024390244
cLwQssZtPQA.jpg,0.5934959349593496,0.3048780487804878
CLxoWvTtN_k.jpg,0.5609756097560976,0.45528455284552843
cm0C-xPERsU.jpg,0.47560975609756095,0.532520325203252
Cm6_D-A8JO8.jpg,0.5772357723577236,0.516260162601626
CM1oVEUzsNM.jpg,0.4959349593495935,0.43089430894308944
cmcmCWUq_Kg.jpg,0.7195121951219512,0.25609756097560976
cmlaz0dTM7I.jpg,0.6626016260162602,0.5894308943089431
Cmmi8bWE_lM.jpg,0.45121951219512196,0.6097560975609756
cmmIPZVkjh0.jpg,0.508130081300813,0.3861788617886179
CmRp_0MG8f0.jpg,0.7317073170731707,0.3008130081300813
cmS1T6fN4Y8.jpg,0.6463414634146342,0.6382113821138211
CmTi971Mbss.jpg,0.5121951219512195,0.42276422764227645
CmtpDlnYfas.jpg,0.6056910569105691,0.491869918699187
cmyDyDa6Wfk.jpg,0.4796747967479675,0.3252032520325203
cnBQdL559mY.jpg,0.4634146341463415,0.4065040650406504
CncOSlhYvW0.jpg,0.5203252032520326,0.5609756097560976
C-nEhSBC5tA.jpg,0.36585365853658536,0.4065040650406504
CnM0MvUYsw4.jpg,0.6341463414634146,0.3861788617886179
CNMZqMmSjbc.jpg,0.483739837398374,0.6016260162601627
cnO9IQzhUbI.jpg,0.483739837398374,0.34959349593495936
CnozRcIMAlU.jpg,0.491869918699187,0.6544715447154471
cNuCegOYvOA.jpg,0.5,0.7682926829268293
cNxjMydT9eI.jpg,0.2967479674796748,0.2764227642276423
cNY_0C2U46c.jpg,0.524390243902439,0.3821138211382114
cnyE0EnkrTg.jpg,0.8089430894308943,0.32113821138211385
cO3d0X8ScoQ.jpg,0.6016260162601627,0.4065040650406504
Co1ItSyXvq8.jpg,0.4715447154471545,0.6666666666666666
cOf4lxKR4uU.jpg,0.6300813008130082,0.2804878048780488
cOfdOE9T37s.jpg,0.516260162601626,0.4186991869918699
CoNkFbYZzBI.jpg,0.508130081300813,0.573170731707317
C-oou0-Bu64.jpg,0.7032520325203252,0.7276422764227642
CORe99AuCIc.jpg,0.8739837398373984,0.6341463414634146
CoUrfmbQc8Q.jpg,0.32113821138211385,0.3821138211382114
Cp5H4ssQszo.jpg,0.508130081300813,0.43089430894308944
CP2oKR8GNkQ.jpg,0.4959349593495935,0.35772357723577236
cpCZqA1OTQk.jpg,0.491869918699187,0.3943089430894309
CPFYZSvAzc8.jpg,0.5691056910569106,0.5040650406504065
CPT_-dj5AJU.jpg,0.6788617886178862,0.1910569105691057
cpxlLSN8NcA.jpg,0.3861788617886179,0.36585365853658536
cPyHO3eDlsE.jpg,0.5447154471544715,0.3983739837398374
CQEliDTB3Sg.jpg,0.483739837398374,0.23170731707317074
cqKG2s6WP6s.jpg,0.6219512195121951,0.6260162601626016
CQl3Y5bV6FA.jpg,0.491869918699187,0.44308943089430897
cQPUosG9dQE.jpg,0.573170731707317,0.2845528455284553
cqUMTyd-M9M.jpg,0.45934959349593496,0.2764227642276423
cQvo-8yW-zI.jpg,0.6056910569105691,0.3780487804878049
C_qwHIx6uBw.jpg,0.4715447154471545,0.46747967479674796
cQY5cJ3R46s.jpg,0.6097560975609756,0.5934959349593496
CQYSg3Hmwrs.jpg,0.4959349593495935,0.5040650406504065
C_riIEq7c94.jpg,0.516260162601626,0.7479674796747967
crIXKhUDpBI.jpg,0.5121951219512195,0.4146341463414634
cRK5zOhFVBk.jpg,0.4715447154471545,0.44308943089430897
CrMVbCX3c4c.jpg,0.5,0.45528455284552843
cRn7OCoyUnQ.jpg,0.2886178861788618,0.44715447154471544
cRPz6-ryzSg.jpg,0.3130081300813008,0.36585365853658536
cRqHwyVb9ts.jpg,0.5772357723577236,0.6626016260162602
Crw5VTJRdhQ.jpg,0.516260162601626,0.45934959349593496
CR-WoxtBJx0.jpg,0.6544715447154471,0.45121951219512196
cs7Qw-UxWac.jpg,0.5853658536585366,0.5447154471544715
Cs7AyxBKawQ.jpg,0.44715447154471544,0.4105691056910569
C_S08WjVKME.jpg,0.47560975609756095,0.516260162601626
CsbjgzTH-nI.jpg,0.4634146341463415,0.5487804878048781
CSdcvzCoziM.jpg,0.516260162601626,0.540650406504065
cSe3oKQ03OQ.jpg,0.5284552845528455,0.6097560975609756
CSfnZ1zaV50.jpg,0.35365853658536583,0.3780487804878049
CSGd1ZwQiqI.jpg,0.46747967479674796,0.532520325203252
cSHyy2Ks4x4.jpg,0.5,0.6097560975609756
CsIIlvmP1tI.jpg,0.4349593495934959,0.5691056910569106
cSOhm0_If3A.jpg,0.6138211382113821,0.5853658536585366
CsP9SwLpe_Y.jpg,0.532520325203252,0.5447154471544715
cSQw4uqF_Hc.jpg,0.3252032520325203,0.34146341463414637
csRCk7vJhmM.jpg,0.45934959349593496,0.3943089430894309
_CSr-_ZICSY.jpg,0.5853658536585366,0.46747967479674796
cssvEZacHvQ.jpg,0.516260162601626,0.4065040650406504
cSWtkujlhNA.jpg,0.5121951219512195,0.42276422764227645
cTEFCekvecI.jpg,0.3333333333333333,0.13008130081300814
cTeQyMstoDI.jpg,0.3780487804878049,0.5772357723577236
CtESCAkBfBU.jpg,0.5934959349593496,0.3617886178861789
cthDc0hUM0o.jpg,0.7967479674796748,0.44308943089430897
CTnoBheROLo.jpg,0.5121951219512195,0.5121951219512195
CtNZVGWiFsY.jpg,0.516260162601626,0.5975609756097561
CtqmTFkexSw.jpg,0.516260162601626,0.45121951219512196
CTuzHNchLVU.jpg,0.5487804878048781,0.3780487804878049
cT-VXwHbmlM.jpg,0.7764227642276422,0.33739837398373984
ctWw2S9VqOI.jpg,0.532520325203252,0.44308943089430897
cTXNMCJE9m4.jpg,0.3780487804878049,0.4065040650406504
cUAm6kqdT6w.jpg,0.491869918699187,0.4186991869918699
cuaxqIA_pk0.jpg,0.5,0.3821138211382114
cuddQwqncLc.jpg,0.4105691056910569,0.5203252032520326
CUDiUUvq3L4.jpg,0.516260162601626,0.45121951219512196
cUhssb9roaU.jpg,0.5365853658536586,0.4959349593495935
cuIwZaJAFS8.jpg,0.4878048780487805,0.2886178861788618
CuJnCzmWJ-A.jpg,0.5772357723577236,0.5284552845528455
CUmCByAhXyQ.jpg,0.573170731707317,0.4146341463414634
cUNADszVGeg.jpg,0.47560975609756095,0.6016260162601627
CupKDzqvtlk.jpg,0.573170731707317,0.6463414634146342
cUr8oSVN3NE.jpg,0.7764227642276422,0.35365853658536583
c-Ut6_fIY2g.jpg,0.6056910569105691,0.43089430894308944
cUUJQcwrvaM.jpg,0.4959349593495935,0.5772357723577236
cuY2PJXucG0.jpg,0.7723577235772358,0.45934959349593496
cUzEAzbYo_s.jpg,0.5284552845528455,0.45121951219512196
CuZub0D22u4.jpg,0.5447154471544715,0.6422764227642277
cv7dOD8tua4.jpg,0.4024390243902439,0.21138211382113822
CVasL0l5YA8.jpg,0.483739837398374,0.1910569105691057
cVBz9q1T_9M.jpg,0.6097560975609756,0.5487804878048781
cvFoKZeOUJI.jpg,0.6138211382113821,0.4186991869918699
cvfv_hxr0-M.jpg,0.5040650406504065,0.508130081300813
cVGIi-sEFyQ.jpg,0.4959349593495935,0.4268292682926829
C_vhc3D_lUk.jpg,0.34959349593495936,0.524390243902439
_cvLDl5e7hE.jpg,0.5691056910569106,0.4146341463414634
cvPhmXbDgI4.jpg,0.6097560975609756,0.43089430894308944
cVsgco75YSM.jpg,0.6626016260162602,0.34552845528455284
cw6snjPwZfo.jpg,0.5365853658536586,0.44715447154471544
Cw8CREdi9T0.jpg,0.3617886178861789,0.24796747967479674
CW6J55DqTWU.jpg,0.4959349593495935,0.5365853658536586
CW84zI5DxtM.jpg,0.5487804878048781,0.7601626016260162
CW_B41pRRP4.jpg,0.508130081300813,0.4878048780487805
CWct2mb7Qbw.jpg,0.8455284552845529,0.5934959349593496
CW-IsRUjvtk.jpg,0.5487804878048781,0.22357723577235772
cwJQ1cKHu_8.jpg,0.3902439024390244,0.5365853658536586
CwjX0miEPGc.jpg,0.5121951219512195,0.6178861788617886
cwL_DmFQTMI.jpg,0.4105691056910569,0.21544715447154472
cWQDPiVe5yo.jpg,0.5487804878048781,0.43089430894308944
c_WqJYeyOcE.jpg,0.6138211382113821,0.26422764227642276
CWUAen2vp-0.jpg,0.5528455284552846,0.508130081300813
CwUb0LsQUgk.jpg,0.34552845528455284,0.44308943089430897
cwxXiiFnixg.jpg,0.5650406504065041,0.45934959349593496
CX6-_wXxOsY.jpg,0.573170731707317,0.46747967479674796
cxK8AoqYO60.jpg,0.3902439024390244,0.508130081300813
Cxsmnmfxjxc.jpg,0.6626016260162602,0.508130081300813
cXV0Si_tbbU.jpg,0.5,0.5894308943089431
cy-8MeH5_Hw.jpg,0.45934959349593496,0.532520325203252
cYAWWdOZkfE.jpg,0.6544715447154471,0.3617886178861789
cyhQcX93uH4.jpg,0.508130081300813,0.4878048780487805
cyksSpNxj5A.jpg,0.5,0.6747967479674797
cyMDdXzFzSM.jpg,0.4796747967479675,0.4349593495934959
cYq8T-hrGUU.jpg,0.2926829268292683,0.5365853658536586
CYVb5FaJzFk.jpg,0.491869918699187,0.4105691056910569
cyyMuBsS1A4.jpg,0.5691056910569106,0.4268292682926829
cy_ZXXCWT9c.jpg,0.3821138211382114,0.18699186991869918
cYZY5slt8bU.jpg,0.4349593495934959,0.556910569105691
Cz1GV4Nc2Oc.jpg,0.5284552845528455,0.3983739837398374
cZBXwBHftl4.jpg,0.5040650406504065,0.5691056910569106
cZdbuhNM1Cc.jpg,0.6138211382113821,0.5121951219512195
czGBuGdu89s.jpg,0.5121951219512195,0.6382113821138211
CZGv0jXzLak.jpg,0.5040650406504065,0.4268292682926829
czVdvCYsnG4.jpg,0.532520325203252,0.44715447154471544
czWGmZmIRxc.jpg,0.5,0.5121951219512195
cZXqYNlEhY0.jpg,0.573170731707317,0.5
d0bEvAJyOpc.jpg,0.4796747967479675,0.573170731707317
d1EaX3UWl9A.jpg,0.508130081300813,0.43902439024390244
d1mFYMYePMk.jpg,0.5365853658536586,0.35365853658536583
d1nsI5luUFU.jpg,0.4796747967479675,0.556910569105691
d2_eDIBhJIg.jpg,0.5813008130081301,0.508130081300813
d2T2IFaWUzY.jpg,0.4878048780487805,0.4024390243902439
d2wuqguRzZ0.jpg,0.6341463414634146,0.524390243902439
d5G3iwyxTys.jpg,0.8008130081300813,0.5284552845528455
d5_hjWQ4NwA.jpg,0.44308943089430897,0.3089430894308943
d5PNntTlt10.jpg,0.5040650406504065,0.573170731707317
d5PYB17O9jE.jpg,0.3943089430894309,0.3861788617886179
d5TBzrddHMk.jpg,0.3780487804878049,0.5853658536585366
d5TTA78-FG0.jpg,0.540650406504065,0.3130081300813008
d5ZcQU6bgUA.jpg,0.5894308943089431,0.4186991869918699
d06lt8UI7Ao.jpg,0.540650406504065,0.3617886178861789
d7-7G139iJQ.jpg,0.5,0.508130081300813
d7DPgyoE1S8.jpg,0.5447154471544715,0.5365853658536586
d7s54Z0gKYQ.jpg,0.5,0.25609756097560976
d7ZP2soDKHY.jpg,0.5691056910569106,0.4878048780487805
d8LBoKmavIk.jpg,0.556910569105691,0.45528455284552843
d8m_1c3MAdI.jpg,0.5813008130081301,0.3699186991869919
d8nGnF1IqCk.jpg,0.5203252032520326,0.4715447154471545
d8uR-7ELKgI.jpg,0.508130081300813,0.21951219512195122
d9wuC3RcGh0.jpg,0.6422764227642277,0.4878048780487805
d09xF10vMgw.jpg,0.2845528455284553,0.4349593495934959
_d8W23F1-O0.jpg,0.34959349593495936,0.4105691056910569
D1kyroHEwBM.jpg,0.43089430894308944,0.4146341463414634
D1O40Gujfqg.jpg,0.6300813008130082,0.47560975609756095
D2gwGrQhZQU.jpg,0.5894308943089431,0.4796747967479675
D2nNU7CBkeI.jpg,0.2926829268292683,0.4634146341463415
D2_S61_ECWw.jpg,0.4959349593495935,0.491869918699187
D3fLgDc9uOQ.jpg,0.44308943089430897,0.4796747967479675
D3nec3JI0Ek.jpg,0.4959349593495935,0.540650406504065
D3r5CCPaG3g.jpg,0.47560975609756095,0.491869918699187
D4KNb7JCbWs.jpg,0.4959349593495935,0.43089430894308944
D4Qbhf_Dthg.jpg,0.5853658536585366,0.23983739837398374
D5fHK2gf5do.jpg,0.5894308943089431,0.3861788617886179
D5n3TdyVH8I.jpg,0.5772357723577236,0.5934959349593496
D5NmSl8IQig.jpg,0.6585365853658537,0.6422764227642277
D5TmUdYwi3Q.jpg,0.7479674796747967,0.5121951219512195
D6JQyF4G4Ds.jpg,0.4268292682926829,0.6626016260162602
D7AB6RNJF_o.jpg,0.8536585365853658,0.4878048780487805
D8oN3jRgPzc.jpg,0.6747967479674797,0.5284552845528455
D8yBPa9ebmA.jpg,0.5691056910569106,0.483739837398374
D9AndXLg44E.jpg,0.6626016260162602,0.44308943089430897
D9gKmhEavyU.jpg,0.6666666666666666,0.32113821138211385
D9O293Ip1M8.jpg,0.8048780487804879,0.25203252032520324
D62hQefhteg.jpg,0.6422764227642277,0.3983739837398374
D75zbV9FeFM.jpg,0.6016260162601627,0.5284552845528455
D_2dyzYEPkY.jpg,0.491869918699187,0.4878048780487805
D_21wwxmOfo.jpg,0.4186991869918699,0.45528455284552843
daAg9FipEhw.jpg,0.21544715447154472,0.34959349593495936
daevrPHoYRg.jpg,0.44308943089430897,0.5
DAnwLsKzXjA.jpg,0.6300813008130082,0.3048780487804878
db1r-AjW6YM.jpg,0.508130081300813,0.5040650406504065
dB0NXVpvgTo.jpg,0.5,0.5894308943089431
dB88CAJquTg.jpg,0.5284552845528455,0.508130081300813
Db3kWhNzGiY.jpg,0.532520325203252,0.33739837398373984
dbdMjkC37yE.jpg,0.43089430894308944,0.483739837398374
dBkArT7zY78.jpg,0.5,0.2845528455284553
dB_Lbh-4NoE.jpg,0.32113821138211385,0.37398373983739835
dBmOTBJfiRA.jpg,0.4349593495934959,0.46747967479674796
dbORTH6dYfU.jpg,0.5609756097560976,0.34959349593495936
DbTK5qgxo9U.jpg,0.6138211382113821,0.46747967479674796
dc8fMC9haYc.jpg,0.5447154471544715,0.6544715447154471
Dc3YQuyr2pU.jpg,0.6626016260162602,0.6056910569105691
DCAERnaj31U.jpg,0.4878048780487805,0.5040650406504065
DCelW4ytxfM.jpg,0.5284552845528455,0.2804878048780488
dCfagb2y28M.jpg,0.5650406504065041,0.3780487804878049
DCfjzNIoDKg.jpg,0.6544715447154471,0.47560975609756095
DChIdoYBatw.jpg,0.4186991869918699,0.4878048780487805
DcJKdbEMpfE.jpg,0.4024390243902439,0.45934959349593496
DCPS237aJIs.jpg,0.4268292682926829,0.3130081300813008
DCSZbabZb3U.jpg,0.4349593495934959,0.3902439024390244
dCx0MyCOTY4.jpg,0.5040650406504065,0.4186991869918699
dCygCggFfrY.jpg,0.5975609756097561,0.508130081300813
dd2RtViW6fE.jpg,0.5487804878048781,0.44715447154471544
dd7pIdRmuGY.jpg,0.5853658536585366,0.5528455284552846
dD43WjBAB1o.jpg,0.47560975609756095,0.5772357723577236
D_d1WWQLBV0.jpg,0.556910569105691,0.508130081300813
DdBqFig0XJE.jpg,0.5121951219512195,0.34959349593495936
DdBs-0CGr7c.jpg,0.4959349593495935,0.4024390243902439
DDDprixAHEI.jpg,0.2845528455284553,0.4268292682926829
Ddl98e8QSgk.jpg,0.556910569105691,0.483739837398374
DdOORDL7oIc.jpg,0.4959349593495935,0.32113821138211385
De6fIX5wsqE.jpg,0.524390243902439,0.5813008130081301
DE8aLsTJV_s.jpg,0.5487804878048781,0.4186991869918699
DE9YwfVgu2s.jpg,0.5650406504065041,0.33739837398373984
dEepAJ_86dM.jpg,0.32926829268292684,0.5609756097560976
DEhVUno3PrY.jpg,0.6178861788617886,0.4634146341463415
dF3UUgTdGGw.jpg,0.540650406504065,0.42276422764227645
Df0fD6hWyro.jpg,0.5121951219512195,0.3861788617886179
dFA5XycbhoQ.jpg,0.5040650406504065,0.5040650406504065
dfBgZCUp1o4.jpg,0.5853658536585366,0.6463414634146342
dFBK4wQU7d0.jpg,0.43902439024390244,0.4634146341463415
DfFQ7XHKXqY.jpg,0.5121951219512195,0.532520325203252
dFgtAO0qBVk.jpg,0.5040650406504065,0.3699186991869919
dfJfWxcJyL0.jpg,0.3902439024390244,0.4634146341463415
DFnbkd_uvuc.jpg,0.508130081300813,0.5813008130081301
_dFsA2pMKrs.jpg,0.5772357723577236,0.556910569105691
dftkVVKj4NM.jpg,0.524390243902439,0.4349593495934959
dg0E7wf7B5E.jpg,0.5487804878048781,0.5772357723577236
DgEA7saT8FQ.jpg,0.7154471544715447,0.5772357723577236
D_gGEQyfcNo.jpg,0.5447154471544715,0.6300813008130082
dGIokso_9q8.jpg,0.4959349593495935,0.4146341463414634
DgRbZSWej-o.jpg,0.5203252032520326,0.4878048780487805
DGyVvAJNyPE.jpg,0.5934959349593496,0.42276422764227645
DHh3hIVh1GI.jpg,0.3130081300813008,0.524390243902439
dHjsE2sEiDw.jpg,0.7195121951219512,0.556910569105691
dhOaokGswrw.jpg,0.4634146341463415,0.45121951219512196
D_HqAz_A4T4.jpg,0.42276422764227645,0.45121951219512196
d_hXU0Y8EqU.jpg,0.508130081300813,0.5528455284552846
DICEPtYOr1M.jpg,0.516260162601626,0.3699186991869919
diDwi---5lo.jpg,0.44715447154471544,0.524390243902439
diiIPzNM0FY.jpg,0.491869918699187,0.21951219512195122
diSqBRqNpHU.jpg,0.6544715447154471,0.6056910569105691
dJCmQY4CyVs.jpg,0.516260162601626,0.45934959349593496
DjLIn5mSptw.jpg,0.4878048780487805,0.5894308943089431
DJuEc_jgTf4.jpg,0.44715447154471544,0.5813008130081301
djV34LaV0OQ.jpg,0.5528455284552846,0.34959349593495936
dJvNfflm7Mw.jpg,0.4268292682926829,0.5203252032520326
dJVU4jXV1Q8.jpg,0.7642276422764228,0.4065040650406504
Dj-zdwmP92k.jpg,0.540650406504065,0.4634146341463415
dK1GqPUQrO8.jpg,0.4796747967479675,0.2845528455284553
DK9FVDXD2cg.jpg,0.5040650406504065,0.45121951219512196
dKH-4ml-5I4.jpg,0.5772357723577236,0.6869918699186992
DKrinqB5axI.jpg,0.5365853658536586,0.4634146341463415
Dksk8szLRN0.jpg,0.4634146341463415,0.540650406504065
dKUMqzvv-Ng.jpg,0.4634146341463415,0.573170731707317
dKxY8ywc_0c.jpg,0.4796747967479675,0.5040650406504065
DlBDTpQ-cf4.jpg,0.4959349593495935,0.5934959349593496
DLbl_iP00XA.jpg,0.4878048780487805,0.491869918699187
dld1xhMdpos.jpg,0.47560975609756095,0.5203252032520326
dLgh-IdELuM.jpg,0.491869918699187,0.4349593495934959
DlpndKgJ8HQ.jpg,0.33739837398373984,0.3861788617886179
DlUqgGvnRQM.jpg,0.34959349593495936,0.4959349593495935
dLVV1FyJLdk.jpg,0.6300813008130082,0.6707317073170732
DLwUVlzrP0Q.jpg,0.6504065040650406,0.5
DLX3PWsDPRM.jpg,0.5894308943089431,0.34959349593495936
dLZHvop9Mmo.jpg,0.5,0.4186991869918699
dm7M67VaEBc.jpg,0.7113821138211383,0.3943089430894309
dM2P_QLwISk.jpg,0.508130081300813,0.5609756097560976
Dm4r62CyHbg.jpg,0.508130081300813,0.37398373983739835
DM8uHVut4Ig.jpg,0.43089430894308944,0.6016260162601627
dMakhkE1poE.jpg,0.5121951219512195,0.7479674796747967
DMcBPeVJmtQ.jpg,0.4186991869918699,0.34146341463414637
DmgwxkcdFCM.jpg,0.5121951219512195,0.4349593495934959
DmjsBtfqywM.jpg,0.6219512195121951,0.5
DMNG9O2H28k.jpg,0.7276422764227642,0.6138211382113821
-dMO9Dm-gkU.jpg,0.5040650406504065,0.3943089430894309
dmPlSznVjsQ.jpg,0.5650406504065041,0.6747967479674797
dmq143g6BQk.jpg,0.4065040650406504,0.3821138211382114
DM_QhS1VVqY.jpg,0.483739837398374,0.6910569105691057
dMQSSJvbkG4.jpg,0.21951219512195122,0.5853658536585366
DMTYChpZ3oo.jpg,0.5121951219512195,0.44308943089430897
DmuvkswNsb0.jpg,0.5853658536585366,0.483739837398374
DMX0QrmxHeo.jpg,0.5528455284552846,0.4186991869918699
DNAGyqi8wTs.jpg,0.4105691056910569,0.6016260162601627
Dn-NBprVOUU.jpg,0.6382113821138211,0.44715447154471544
DNNQU7Igfwk.jpg,0.3983739837398374,0.4715447154471545
dnrRs8SXUc0.jpg,0.6382113821138211,0.44715447154471544
dNTP0BZPlQk.jpg,0.6382113821138211,0.44308943089430897
dNXWvF33cK8.jpg,0.4065040650406504,0.4634146341463415
DNZogKAw684.jpg,0.5121951219512195,0.6341463414634146
dNZRb3r2Yi0.jpg,0.6056910569105691,0.3943089430894309
DoebqICAlMc.jpg,0.35772357723577236,0.5528455284552846
DoMfuJkUuU0.jpg,0.6016260162601627,0.5121951219512195
dONpUNwqjBI.jpg,0.4959349593495935,0.5772357723577236
dOnQYAFiwtA.jpg,0.3333333333333333,0.4634146341463415
doPBjGyNPWY.jpg,0.5121951219512195,0.5650406504065041
d-oQ-JvPhR4.jpg,0.6341463414634146,0.7195121951219512
DORi0W_afqk.jpg,0.4878048780487805,0.5
DoZcHV5t9Bw.jpg,0.21951219512195122,0.7357723577235772
dp1xHhVu2bg.jpg,0.45121951219512196,0.483739837398374
dp2m5glF2Y4.jpg,0.6788617886178862,0.2764227642276423
dP9U-tIfU3M.jpg,0.3861788617886179,0.4634146341463415
DPcAr4iovHk.jpg,0.6260162601626016,0.3983739837398374
DpgSywYaIVk.jpg,0.5650406504065041,0.45121951219512196
DPiWUyqyUNE.jpg,0.3048780487804878,0.4715447154471545
dPnheC5ObaM.jpg,0.508130081300813,0.24796747967479674
dpQqhZRyF7w.jpg,0.4105691056910569,0.46747967479674796
_dPTJhpwcgg.jpg,0.5,0.3780487804878049
DpVcFpQr1dA.jpg,0.6219512195121951,0.25609756097560976
dPziG30lYZ4.jpg,0.6788617886178862,0.508130081300813
dq93aNzsrH0.jpg,0.491869918699187,0.43902439024390244
d_qAeReozXY.jpg,0.516260162601626,0.6544715447154471
dqcAlGZb4KM.jpg,0.34552845528455284,0.6056910569105691
DqfBkWSJFcg.jpg,0.3780487804878049,0.3861788617886179
dq_fOXxlt84.jpg,0.5121951219512195,0.524390243902439
dQhOK_r9gGw.jpg,0.34552845528455284,0.5528455284552846
dQhQ_oQnXIg.jpg,0.532520325203252,0.47560975609756095
dqi31u8UoeM.jpg,0.6422764227642277,0.44308943089430897
dQkTV377Hjg.jpg,0.8333333333333334,0.43902439024390244
DQNs-72u860.jpg,0.4186991869918699,0.5772357723577236
DQoUZ85LnZY.jpg,0.6626016260162602,0.3861788617886179
dQwyDMk2vgk.jpg,0.3130081300813008,0.6016260162601627
DQX6Y3WRz8A.jpg,0.6544715447154471,0.5447154471544715
DR7l0jeVrZo.jpg,0.7845528455284553,0.5853658536585366
dRbtGYcRaao.jpg,0.5121951219512195,0.3821138211382114
DRf_4EMERXo.jpg,0.524390243902439,0.4268292682926829
dRGLpObu6XM.jpg,0.483739837398374,0.491869918699187
DRT02CURWE8.jpg,0.46747967479674796,0.46747967479674796
ds7DVwunWZE.jpg,0.5203252032520326,0.524390243902439
d-S5l_ujXLc.jpg,0.43089430894308944,0.2601626016260163
dsa5FDWdDu8.jpg,0.5975609756097561,0.4634146341463415
dSB_QwlCpRs.jpg,0.24796747967479674,0.47560975609756095
DSGP650z8rM.jpg,0.5040650406504065,0.34959349593495936
dSH833s7hTs.jpg,0.4878048780487805,0.35772357723577236
DsNrm25URHE.jpg,0.516260162601626,0.7520325203252033
DsOV070-Dcc.jpg,0.5528455284552846,0.4796747967479675
DSrIOQZARW0.jpg,0.44715447154471544,0.6300813008130082
DSwBHyWKiVw.jpg,0.7886178861788617,0.3130081300813008
dSZQC7vVf5M.jpg,0.5040650406504065,0.5447154471544715
dtfyRuKG7UY.jpg,0.5447154471544715,0.4268292682926829
DtHchyQtyZ8.jpg,0.3861788617886179,0.4796747967479675
dTk4P3F3o_M.jpg,0.5203252032520326,0.5487804878048781
dtLvByNVgcE.jpg,0.45121951219512196,0.516260162601626
dtm33x7AYNs.jpg,0.5203252032520326,0.3943089430894309
dtMeXoJeZP0.jpg,0.6951219512195121,0.44715447154471544
DtM_-KOTUVo.jpg,0.6382113821138211,0.47560975609756095
dtoEr1utUas.jpg,0.4349593495934959,0.44308943089430897
DTsF8CoFZh4.jpg,0.3902439024390244,0.46747967479674796
dtSmhMpO_CM.jpg,0.4796747967479675,0.43089430894308944
DTvzW2sl9eE.jpg,0.45528455284552843,0.47560975609756095
dtWq8WU2zxU.jpg,0.5121951219512195,0.34552845528455284
dT-x4wrtdnM.jpg,0.43089430894308944,0.524390243902439
dU5KI3Iap2g.jpg,0.4959349593495935,0.5813008130081301
dua2Zf0UKZo.jpg,0.7357723577235772,0.44308943089430897
DuEwX4rAYBw.jpg,0.5203252032520326,0.5121951219512195
dull_SO_ZOM.jpg,0.6544715447154471,0.5
dUqaAYx7RaA.jpg,0.3861788617886179,0.43902439024390244
duqHJKl0dBA.jpg,0.46747967479674796,0.5609756097560976
dury9xCbgOs.jpg,0.5650406504065041,0.4796747967479675
DuuJjq4rORc.jpg,0.5121951219512195,0.5813008130081301
dUv-3ZwO4ew.jpg,0.5040650406504065,0.5203252032520326
Duv07nzBO9g.jpg,0.5,0.3861788617886179
DUxJSaANcWs.jpg,0.483739837398374,0.5691056910569106
Dv6BRmQCR8Q.jpg,0.45934959349593496,0.5934959349593496
dvBHDyAN6ho.jpg,0.4959349593495935,0.2682926829268293
DVFZn0GB6Jw.jpg,0.5040650406504065,0.516260162601626
DvjWMZ4viw8.jpg,0.3861788617886179,0.2764227642276423
DvopK4gNs8A.jpg,0.508130081300813,0.35365853658536583
dvr12rSvKWY.jpg,0.45528455284552843,0.4349593495934959
dvrfSfS4qR4.jpg,0.5,0.3861788617886179
DvtEIhv0ZME.jpg,0.532520325203252,0.3780487804878049
DvubEFNz62U.jpg,0.6869918699186992,0.5609756097560976
dW6SQObWwCE.jpg,0.32113821138211385,0.45528455284552843
dWAZcKLLLFI.jpg,0.5,0.5284552845528455
DWCbM1b_PbY.jpg,0.508130081300813,0.25609756097560976
dWHeuGw0fBM.jpg,0.26422764227642276,0.45121951219512196
DWK3aVEfYcY.jpg,0.5040650406504065,0.3780487804878049
DWkWeFN-I9Y.jpg,0.5,0.4349593495934959
dwOWes8ZPMU.jpg,0.6056910569105691,0.5040650406504065
dwVToFjYJOo.jpg,0.4959349593495935,0.5691056910569106
DWyN_uAIvvY.jpg,0.5691056910569106,0.7032520325203252
DX4KN-8EANI.jpg,0.43902439024390244,0.7479674796747967
DX29NiqWqgs.jpg,0.5,0.4959349593495935
dXbteDwOUG8.jpg,0.26422764227642276,0.47560975609756095
dXdyFy6bXt8.jpg,0.5772357723577236,0.2804878048780488
-DXFHUaGyOM.jpg,0.5609756097560976,0.4796747967479675
DXLwxY37ckw.jpg,0.4634146341463415,0.44715447154471544
dxnzWMU7Bf8.jpg,0.3983739837398374,0.556910569105691
dXqmB1GUq4c.jpg,0.6991869918699187,0.5894308943089431
DxSls2bejLQ.jpg,0.5,0.5
dXUZ4XQLBUE.jpg,0.5203252032520326,0.5894308943089431
dxZHS55WnlM.jpg,0.4878048780487805,0.3170731707317073
dy4QG5c5xWQ.jpg,0.5203252032520326,0.44715447154471544
DY2uZGX9UmQ.jpg,0.4959349593495935,0.516260162601626
DYedICXlRzA.jpg,0.483739837398374,0.5650406504065041
dYLlEVMfUbc.jpg,0.6991869918699187,0.6747967479674797
DYLqbcSqh8k.jpg,0.5,0.4065040650406504
dYmZqPcd8xA.jpg,0.5365853658536586,0.5284552845528455
DYNR-2MG_yQ.jpg,0.7845528455284553,0.6747967479674797
DyqyfDagqtc.jpg,0.45934959349593496,0.4634146341463415
DytX8CfMx6g.jpg,0.5121951219512195,0.5203252032520326
Dz6HuHE2Ki0.jpg,0.491869918699187,0.524390243902439
DZ6fV_ASe-Q.jpg,0.4105691056910569,0.5284552845528455
dZB1erih0Js.jpg,0.3943089430894309,0.21544715447154472
DzGCdUlNJTU.jpg,0.46747967479674796,0.4959349593495935
DziZIYOGAHc.jpg,0.4349593495934959,0.3617886178861789
e0BNPHPJDjg.jpg,0.4796747967479675,0.3902439024390244
e0p5x5zxk5A.jpg,0.5121951219512195,0.4065040650406504
e2M48b0df8g.jpg,0.4268292682926829,0.42276422764227645
e2uTOpgW5Ec.jpg,0.8048780487804879,0.44715447154471544
e3irr6H7e5s.jpg,0.3861788617886179,0.3780487804878049
e4veQcOqxpg.jpg,0.5040650406504065,0.15853658536585366
e5AUV18QJwQ.jpg,0.556910569105691,0.532520325203252
e5SLMOjckxo.jpg,0.47560975609756095,0.4959349593495935
e5YZrZobbg8.jpg,0.3943089430894309,0.5284552845528455
e6xd2HXuy0A.jpg,0.5121951219512195,0.4959349593495935
e7-35H0fB70.jpg,0.516260162601626,0.5853658536585366
e7W6BYt6Pjg.jpg,0.5040650406504065,0.508130081300813
e7Z-emiIe2A.jpg,0.483739837398374,0.4878048780487805
e8e2kOfEzOo.jpg,0.42276422764227645,0.5365853658536586
e8R5ATqC8-0.jpg,0.3617886178861789,0.6626016260162602
e9a-F9zRbbM.jpg,0.37398373983739835,0.516260162601626
e09sDeV8Azs.jpg,0.3983739837398374,0.46747967479674796
e9WHTFTQfKU.jpg,0.5609756097560976,0.5772357723577236
e18GHG0uSjs.jpg,0.3617886178861789,0.4959349593495935
e34QuJzoufc.jpg,0.5284552845528455,0.532520325203252
e66iCNlA3zw.jpg,0.47560975609756095,0.43902439024390244
e85qV3NjrUw.jpg,0.4959349593495935,0.45934959349593496
e686hqKXQsk.jpg,0.44308943089430897,0.4146341463414634
-e6IulvQ31k.jpg,0.5934959349593496,0.44308943089430897
--e3kJUMSZw.jpg,0.4878048780487805,0.5203252032520326
E1nV1tuJGs0.jpg,0.3699186991869919,0.524390243902439
E1sBcYRkVfc.jpg,0.21951219512195122,0.516260162601626
E1wkuQSSNTM.jpg,0.5040650406504065,0.5975609756097561
E2GXbvCJc58.jpg,0.47560975609756095,0.4146341463414634
E2kFHkrozhA.jpg,0.5691056910569106,0.5528455284552846
E2nrh-aTkC8.jpg,0.556910569105691,0.23983739837398374
E2SGMyG5vLw.jpg,0.4878048780487805,0.6951219512195121
E3r0U6XLdSU.jpg,0.508130081300813,0.6219512195121951
E4GIc8Z9wLE.jpg,0.4796747967479675,0.6463414634146342
E4-PK5Km3NY.jpg,0.5,0.43902439024390244
E4T0duYRMBc.jpg,0.2926829268292683,0.5
E5zjehlPyGA.jpg,0.43902439024390244,0.3780487804878049
E7p54JSQXY0.jpg,0.4959349593495935,0.5528455284552846
E7PlRr9ZfoM.jpg,0.4959349593495935,0.45528455284552843
E7wX4dyeNLI.jpg,0.508130081300813,0.540650406504065
E8M9WPOH0_g.jpg,0.4268292682926829,0.44715447154471544
E8PBjD41WLA.jpg,0.5,0.5853658536585366
E9hVNb7wOY8.jpg,0.17886178861788618,0.6138211382113821
E9rLbhnJoWk.jpg,0.491869918699187,0.556910569105691
E25aPlvcqtU.jpg,0.47560975609756095,0.5284552845528455
E38Gb_nVPck.jpg,0.516260162601626,0.3902439024390244
E303FUX7oNk.jpg,0.524390243902439,0.5975609756097561
E4944K_4SvI.jpg,0.33739837398373984,0.516260162601626
E_0ZmIjgM_Y.jpg,0.6138211382113821,0.5365853658536586
E-9CFTftQh4.jpg,0.5,0.4065040650406504
ea1lxNLhywA.jpg,0.2845528455284553,0.42276422764227645
ea-1v3Mp6o8.jpg,0.508130081300813,0.42276422764227645
eA1kezBkJw0.jpg,0.491869918699187,0.5
eA32JIBsSu8.jpg,0.4878048780487805,0.483739837398374
Ea9mpGch9Wc.jpg,0.47560975609756095,0.3861788617886179
ea-aWFTK8rc.jpg,0.4796747967479675,0.21951219512195122
eAeADptbds4.jpg,0.4878048780487805,0.524390243902439
eaG50noWDZw.jpg,0.483739837398374,0.42276422764227645
EAH3N7R-Ngs.jpg,0.4024390243902439,0.34552845528455284
EAM783R0Xlc.jpg,0.5,0.6097560975609756
eapeFF3mrCc.jpg,0.8292682926829268,0.45121951219512196
EaQBeUG9c58.jpg,0.6829268292682927,0.5650406504065041
eAskFEq5DNE.jpg,0.7195121951219512,0.5691056910569106
eaUNhCfSC1k.jpg,0.4878048780487805,0.5
eaxgNP4cpY8.jpg,0.573170731707317,0.7520325203252033
E-ayYCp2NLU.jpg,0.4715447154471545,0.7317073170731707
eB3W74BLW30.jpg,0.4186991869918699,0.6178861788617886
EB3p88GaSFw.jpg,0.5365853658536586,0.4146341463414634
EB4I2zz16vo.jpg,0.47560975609756095,0.6056910569105691
EB546E6QK9Q.jpg,0.5284552845528455,0.5894308943089431
E-bEFCNPuvw.jpg,0.4878048780487805,0.4959349593495935
EbLX7oRo4vI.jpg,0.491869918699187,0.4796747967479675
EBmi-zjiNaI.jpg,0.35772357723577236,0.4349593495934959
EBpKXScr9Jo.jpg,0.4959349593495935,0.5040650406504065
ebtE5zDS0Ps.jpg,0.24390243902439024,0.6544715447154471
eBu_C_UZgw4.jpg,0.3983739837398374,0.46747967479674796
e-Bvu4S6sII.jpg,0.34959349593495936,0.6138211382113821
EbWDDnbnBHU.jpg,0.4634146341463415,0.4634146341463415
ec2SZSGPwJA.jpg,0.524390243902439,0.45121951219512196
Ec_2W2va7Gs.jpg,0.44308943089430897,0.5447154471544715
eCfCIwtKdsg.jpg,0.47560975609756095,0.44308943089430897
ECfXzVx-E5c.jpg,0.5121951219512195,0.4715447154471545
eChtL5S-6vA.jpg,0.508130081300813,0.556910569105691
EcJjhnfKZBA.jpg,0.516260162601626,0.5813008130081301
ECKktv7grHE.jpg,0.508130081300813,0.34146341463414637
EcsdAlwpmrw.jpg,0.483739837398374,0.4105691056910569
ecXENHoZohE.jpg,0.5,0.5
Ecxi7m1nap4.jpg,0.4715447154471545,0.5203252032520326
eD3gkNVlm94.jpg,0.483739837398374,0.3170731707317073
Ed2Fq0VXsCA.jpg,0.4959349593495935,0.5813008130081301
edasjVOOk-g.jpg,0.4715447154471545,0.573170731707317
EdJZqsZpZYg.jpg,0.5121951219512195,0.45528455284552843
eDkLDM2fqzY.jpg,0.491869918699187,0.46747967479674796
EDkxX7QqYOI.jpg,0.4796747967479675,0.5813008130081301
Edod-s9I1lA.jpg,0.6626016260162602,0.32926829268292684
EDre44wQyOw.jpg,0.7845528455284553,0.43089430894308944
edRSZZn6Ico.jpg,0.4878048780487805,0.508130081300813
EDvECxZcu6Q.jpg,0.4796747967479675,0.45528455284552843
EdWWd5E02ME.jpg,0.5040650406504065,0.3902439024390244
edxZ6DsFr1M.jpg,0.45121951219512196,0.2926829268292683
ee67VZ9Jijk.jpg,0.6300813008130082,0.4024390243902439
EE5ShMaCq7c.jpg,0.45528455284552843,0.45528455284552843
eEkUby1xAjk.jpg,0.17479674796747968,0.45528455284552843
eelpgSLWrqo.jpg,0.46747967479674796,0.45528455284552843
eeUilYOScmE.jpg,0.35365853658536583,0.508130081300813
Efo365uEZho.jpg,0.5,0.3780487804878049
EfO9AbnFRl0.jpg,0.32926829268292684,0.4105691056910569
EfssYCcpezY.jpg,0.6747967479674797,0.45934959349593496
eFSuQR-AJNU.jpg,0.24390243902439024,0.3943089430894309
efwGCPFdIcM.jpg,0.6544715447154471,0.4878048780487805
eFY8p9odCjs.jpg,0.4715447154471545,0.573170731707317
EfZBmS4Nu3U.jpg,0.43902439024390244,0.4878048780487805
Eg3iyelG2iQ.jpg,0.7276422764227642,0.6422764227642277
EG0U9_VvER4.jpg,0.6219512195121951,0.4715447154471545
EG9qfm3BHR4.jpg,0.7804878048780488,0.4105691056910569
EGIfCNNatwk.jpg,0.2682926829268293,0.6626016260162602
eg-tEg2DzeM.jpg,0.3617886178861789,0.42276422764227645
EGX9zroV8xI.jpg,0.5447154471544715,0.5487804878048781
eh25BL-KTNU.jpg,0.4349593495934959,0.5528455284552846
E_H-5Cyxjfc.jpg,0.46747967479674796,0.46747967479674796
EhCQ3jbRZxw.jpg,0.6707317073170732,0.44308943089430897
eh-k6Bl1v7c.jpg,0.5975609756097561,0.6178861788617886
Ehpdiarw9pI.jpg,0.5813008130081301,0.3170731707317073
e_HRcYwbXZ0.jpg,0.5487804878048781,0.4146341463414634
EHuC7eL4Q1s.jpg,0.516260162601626,0.3821138211382114
EHxhvz64mIQ.jpg,0.5040650406504065,0.27235772357723576
e-HyzfROGB4.jpg,0.5447154471544715,0.3821138211382114
eIacfa4rDEE.jpg,0.5121951219512195,0.4349593495934959
eIB0N3v8Kk0.jpg,0.3130081300813008,0.5121951219512195
eiFijLC5wDg.jpg,0.4878048780487805,0.46747967479674796
eIitRxZm6_k.jpg,0.491869918699187,0.5487804878048781
EIQHo5XPSwM.jpg,0.4349593495934959,0.6463414634146342
EIWU2cRGQwg.jpg,0.45934959349593496,0.46747967479674796
eiwVOa9zb10.jpg,0.5040650406504065,0.573170731707317
EJ8wV3reASw.jpg,0.6219512195121951,0.47560975609756095
E_JDMtW_l0Y.jpg,0.21138211382113822,0.4715447154471545
ejhtQmbGZr8.jpg,0.4634146341463415,0.4105691056910569
Ejpx_sdKEKo.jpg,0.6178861788617886,0.6097560975609756
E-JQUqfcvKY.jpg,0.45934959349593496,0.44715447154471544
Ejw7WTnFPYI.jpg,0.2601626016260163,0.6260162601626016
ek1RkcIOCKE.jpg,0.6016260162601627,0.4186991869918699
eK2YZq4a0fU.jpg,0.5203252032520326,0.5121951219512195
eK6Ath_Th-U.jpg,0.32926829268292684,0.43089430894308944
Ek1rFEVpnsQ.jpg,0.516260162601626,0.46747967479674796
EKf428HQ130.jpg,0.483739837398374,0.45121951219512196
EK-lWbX3HB0.jpg,0.5040650406504065,0.540650406504065
eKm1A53Af_g.jpg,0.42276422764227645,0.491869918699187
EkqDplXiAow.jpg,0.5772357723577236,0.3902439024390244
EKRkt64tYdc.jpg,0.4105691056910569,0.18699186991869918
Eku9qm585rM.jpg,0.508130081300813,0.35772357723577236
EkvOEZOMvYE.jpg,0.4878048780487805,0.5365853658536586
ekVOP7cfPQ0.jpg,0.45528455284552843,0.33739837398373984
eLDdIPtjo7U.jpg,0.44308943089430897,0.7154471544715447
ELISIYFi-ws.jpg,0.573170731707317,0.516260162601626
elY5N2CkKjE.jpg,0.5284552845528455,0.5975609756097561
ELy8RcnCgEo.jpg,0.508130081300813,0.6666666666666666
eLYtJoASChQ.jpg,0.44715447154471544,0.1951219512195122
elz_jOsXTf4.jpg,0.5040650406504065,0.4105691056910569
em4EYFX9ONs.jpg,0.5813008130081301,0.33739837398373984
em7gIbjEL0I.jpg,0.483739837398374,0.5813008130081301
EM0kI2YTnP0.jpg,0.524390243902439,0.4024390243902439
emauZ86g85g.jpg,0.5365853658536586,0.3861788617886179
eMdHivuHFoA.jpg,0.516260162601626,0.7113821138211383
EmKblwDsQxs.jpg,0.573170731707317,0.6056910569105691
E-MnIT8i9So.jpg,0.4878048780487805,0.6341463414634146
EMRBGSgeIVs.jpg,0.516260162601626,0.47560975609756095
eMT_TIrG90k.jpg,0.5,0.4349593495934959
e__MxlrBpuM.jpg,0.4024390243902439,0.3333333333333333
enaFJelpNxY.jpg,0.6382113821138211,0.7560975609756098
enC2tXW2ykI.jpg,0.3231707317073171,0.6707317073170732
eNi9DGpVYWk.jpg,0.5020325203252033,0.3861788617886179
ENiRUJoQHFU.jpg,0.6402439024390244,0.45934959349593496
-e_njRV9hRE.jpg,0.49390243902439024,0.7195121951219512
eNoiv5h1O3o.jpg,0.5060975609756098,0.4715447154471545
en-RjVJurms.jpg,0.5182926829268293,0.5040650406504065
ENRpSeOZ-aY.jpg,0.30691056910569103,0.508130081300813
ENsxoIz33SA.jpg,0.8556910569105691,0.43089430894308944
eoAubhPm6H8.jpg,0.5589430894308943,0.4268292682926829
EOEH1bjAcSg.jpg,0.42886178861788615,0.508130081300813
EoGBPqSiC3Q.jpg,0.4898373983739837,0.3089430894308943
eOgf3b37VEU.jpg,0.5020325203252033,0.491869918699187
EOIToTneyZ4.jpg,0.8191056910569106,0.5121951219512195
eoJbO7P_1RY.jpg,0.5304878048780488,0.6341463414634146
eP9t2E6hzvI.jpg,0.5060975609756098,0.5934959349593496
EP4ccdDJM1w.jpg,0.5467479674796748,0.3252032520325203
ePbE9yXSMhU.jpg,0.5914634146341463,0.35772357723577236
epbFlGlHb2k.jpg,0.4654471544715447,0.43089430894308944
epC_9-DibEI.jpg,0.49796747967479676,0.5203252032520326
EpjG7TWDogY.jpg,0.3516260162601626,0.45934959349593496
EPLrqHHu2WI.jpg,0.5020325203252033,0.5650406504065041
EPUjmGnm2AA.jpg,0.4410569105691057,0.524390243902439
Epvjdf92eVU.jpg,0.266260162601626,0.6951219512195121
EPVTWAQsD4c.jpg,0.40040650406504064,0.6300813008130082
ePwEGur8gIw.jpg,0.6239837398373984,0.5487804878048781
epWZiP40_AM.jpg,0.5386178861788617,0.524390243902439
Epxdkobgf5Q.jpg,0.5995934959349594,0.4634146341463415
EPz5uSdMDUQ.jpg,0.5345528455284553,0.5040650406504065
Eq2cmAIiH7U.jpg,0.6890243902439024,0.5
EQ56luxxbPI.jpg,0.709349593495935,0.4878048780487805
eqCyPhYCPjI.jpg,0.4532520325203252,0.4105691056910569
EQEM2sI1-vo.jpg,0.4166666666666667,0.3983739837398374
EQHAS9IKPA8.jpg,0.6443089430894309,0.3252032520325203
eQHZIyhlyU4.jpg,0.5386178861788617,0.4146341463414634
EQIFdgTYzwc.jpg,0.5020325203252033,0.4959349593495935
_EqMEXqdE9M.jpg,0.4654471544715447,0.5528455284552846
EQoy5wuqD0I.jpg,0.7012195121951219,0.516260162601626
eQRywYTBZOQ.jpg,0.4491869918699187,0.5609756097560976
eQt87l3yfnE.jpg,0.4898373983739837,0.45528455284552843
eqXiLNfZDc0.jpg,0.6646341463414634,0.23983739837398374
erhCc_KIBPc.jpg,0.5345528455284553,0.5121951219512195
ER-k5Ka9lWA.jpg,0.5020325203252033,0.45934959349593496
EroYdeZY71I.jpg,0.4654471544715447,0.3089430894308943
erTjj730fMk.jpg,0.6402439024390244,0.516260162601626
ERyHAx6dQlY.jpg,0.5304878048780488,0.44308943089430897
Erzyy3Gy2LU.jpg,0.4573170731707317,0.5040650406504065
eS7HrvG0mcA.jpg,0.6117886178861789,0.5284552845528455
ES6qzx4jEJE.jpg,0.5670731707317073,0.47560975609756095
-esAIGzeMqU.jpg,0.5101626016260162,0.5
ESdLRcxl3zI.jpg,0.49390243902439024,0.3902439024390244
esFsRIt14NU.jpg,0.5223577235772358,0.3902439024390244
eSiMUVzG95w.jpg,0.3719512195121951,0.45121951219512196
esOC8MkpLPA.jpg,0.4898373983739837,0.35365853658536583
e-S-Pe2EmrE.jpg,0.6646341463414634,0.7276422764227642
ESpgum56JGU.jpg,0.5752032520325203,0.3780487804878049
EszQhMd_sBo.jpg,0.5060975609756098,0.5365853658536586
et4q6N3JAm8.jpg,0.5101626016260162,0.33739837398373984
etJBEUW4ZDg.jpg,0.5508130081300813,0.4878048780487805
Etobk5T7C_s.jpg,0.49390243902439024,0.516260162601626
eTOK4R3ZI-U.jpg,0.4735772357723577,0.5894308943089431
etrym-ApBuI.jpg,0.5060975609756098,0.6097560975609756
ETssG7s1pBI.jpg,0.5101626016260162,0.491869918699187
EttXghhkhlQ.jpg,0.5264227642276422,0.5813008130081301
eT-X5-bRoMg.jpg,0.5386178861788617,0.4796747967479675
EtxsgEcHnZg.jpg,0.7459349593495935,0.3943089430894309
Eu2cbDzied0.jpg,0.5101626016260162,0.45528455284552843
EU5FC6mUGoE.jpg,0.5386178861788617,0.44308943089430897
eUaIxWndTUk.jpg,0.5914634146341463,0.47560975609756095
Euh51by4ZIw.jpg,0.4817073170731707,0.4634146341463415
euj6KbeuNJk.jpg,0.5020325203252033,0.5040650406504065
eUobvePZrec.jpg,0.5020325203252033,0.4959349593495935
EUqatWCcX-s.jpg,0.676829268292683,0.6016260162601627
eUrG-yIJC2o.jpg,0.6199186991869918,0.4349593495934959
eUSfRwB_qY8.jpg,0.20934959349593496,0.45528455284552843
EuSngguD40I.jpg,0.5304878048780488,0.5203252032520326
EuuIa8XTLK4.jpg,0.3394308943089431,0.5772357723577236
eUun_6955tI.jpg,0.5304878048780488,0.3983739837398374
ev8bOkVvC4I.jpg,0.5873983739837398,0.3780487804878049
Evb5GA0181k.jpg,0.47764227642276424,0.4349593495934959
EVbbRJmw2QE.jpg,0.38414634146341464,0.5121951219512195
eVgKrpyUHgk.jpg,0.4654471544715447,0.508130081300813
EVkrWtZPsio.jpg,0.6686991869918699,0.5934959349593496
evrHojTLBKE.jpg,0.6605691056910569,0.5528455284552846
EvS_yFY48VU.jpg,0.5101626016260162,0.491869918699187
EVtAn8yQ250.jpg,0.4898373983739837,0.4959349593495935
eVu7ZfOpbNQ.jpg,0.47764227642276424,0.45528455284552843
evX-ej4zBs8.jpg,0.5752032520325203,0.5894308943089431
EVYV305eFcc.jpg,0.6483739837398373,0.4268292682926829
ew6Mt77oSHI.jpg,0.3516260162601626,0.508130081300813
ew7XKxj0Lsg.jpg,0.5101626016260162,0.5813008130081301
eWFh_CUp_eA.jpg,0.3678861788617886,0.47560975609756095
EWg-mAHuZqk.jpg,0.5548780487804879,0.46747967479674796
EWnBD3Een3I.jpg,0.5711382113821138,0.4796747967479675
ewSBvLSp3Tc.jpg,0.38414634146341464,0.34552845528455284
ewUAtdqQ4wA.jpg,0.4369918699186992,0.5365853658536586
eWxtGpnaCtU.jpg,0.47764227642276424,0.44308943089430897
EX541gZJOyA.jpg,0.5142276422764228,0.3048780487804878
ExarETx4xNA.jpg,0.5630081300813008,0.573170731707317
eXbgRmq_DHw.jpg,0.4817073170731707,0.2601626016260163
EXdO9Z9Aof0.jpg,0.4898373983739837,0.4634146341463415
eXgKsIsARcM.jpg,0.4898373983739837,0.5
eXN8_818_xU.jpg,0.49390243902439024,0.4186991869918699
exS27fIKVYo.jpg,0.725609756097561,0.5853658536585366
eXSttBQoYbM.jpg,0.39634146341463417,0.6707317073170732
EXuKQaf3Ei8.jpg,0.47764227642276424,0.43089430894308944
EXytQoc6MPw.jpg,0.5020325203252033,0.1910569105691057
EY8Eur2maxA.jpg,0.5060975609756098,0.7073170731707317
EY8Fxfbsqm0.jpg,0.676829268292683,0.5
eYbDKg2O7Lo.jpg,0.5630081300813008,0.4105691056910569
EyCEX1e9EiY.jpg,0.4329268292682927,0.4959349593495935
eypeNHaLfPc.jpg,0.5752032520325203,0.5853658536585366
EyRalaLicv0.jpg,0.49390243902439024,0.508130081300813
EYWn25Tn-dA.jpg,0.49390243902439024,0.43902439024390244
Ez5V2THOpDo.jpg,0.6605691056910569,0.5975609756097561
EzAhT2CjWbY.jpg,0.6686991869918699,0.43902439024390244
ezEKbRPBCR8.jpg,0.6158536585365854,0.4105691056910569
eZExm0Aq6YM.jpg,0.5264227642276422,0.6422764227642277
EzGKpiVsOhA.jpg,0.5182926829268293,0.4349593495934959
eZgLQ9KUTWM.jpg,0.5060975609756098,0.4796747967479675
eZiWBcMXrGo.jpg,0.5508130081300813,0.532520325203252
EZj-pb2v6eA.jpg,0.693089430894309,0.6626016260162602
eznG7kRpFoQ.jpg,0.5711382113821138,0.483739837398374
EzpVvIrL-Xw.jpg,0.5914634146341463,0.5813008130081301
EZSlp_sVXzM.jpg,0.3638211382113821,0.4878048780487805
eZt9Zp9tGvU.jpg,0.40853658536585363,0.3983739837398374
EZwBWe2XxKg.jpg,0.4247967479674797,0.3821138211382114
f0heeiu-Ec0.jpg,0.47764227642276424,0.5121951219512195
f0oe9P9Yixs.jpg,0.5995934959349594,0.540650406504065
f0rUMWLE1pk.jpg,0.5264227642276422,0.491869918699187
f1LdoLwJuKY.jpg,0.6605691056910569,0.5650406504065041
f1Szwj8KVDs.jpg,0.39634146341463417,0.26422764227642276
f2gPKCG5Hqg.jpg,0.4451219512195122,0.6463414634146342
f3DHwgNhvxI.jpg,0.5995934959349594,0.4959349593495935
f3Os5oCc874.jpg,0.4451219512195122,0.32926829268292684
f4GdYFpUyH8.jpg,0.8475609756097561,0.8577235772357723
f04IRgkV1AM.jpg,0.6849593495934959,0.3617886178861789
f4N_Iq0uhUQ.jpg,0.4613821138211382,0.516260162601626
f4RAhPf7ncI.jpg,0.3800813008130081,0.44715447154471544
f5Fx_B3Qc4o.jpg,0.6686991869918699,0.37398373983739835
f6fDUxjk47k.jpg,0.4817073170731707,0.24390243902439024
f6mwgHpHHnA.jpg,0.5060975609756098,0.7845528455284553
f7wHooaH-YI.jpg,0.5182926829268293,0.5528455284552846
f8R_kFRACJ4.jpg,0.40853658536585363,0.6219512195121951
f9B6uiwrBWo.jpg,0.48577235772357724,0.5365853658536586
f9dOqzYRAcU.jpg,0.5304878048780488,0.524390243902439
f9NACz3-V-s.jpg,0.5304878048780488,0.4715447154471545
f19Pxh_96CA.jpg,0.4735772357723577,0.5284552845528455
f29f7NonqdM.jpg,0.4735772357723577,0.5203252032520326
f49STOSOuaI.jpg,0.6890243902439024,0.4634146341463415
F0CW4F8ut3U.jpg,0.4654471544715447,0.7439024390243902
F0if-2LD4cA.jpg,0.47764227642276424,0.5203252032520326
F0ivNc3yoOI.jpg,0.5345528455284553,0.5691056910569106
F0_qeY5OWJE.jpg,0.6443089430894309,0.6991869918699187
F1AYzQqsIbY.jpg,0.6890243902439024,0.4024390243902439
F1cMxMqk0Vc.jpg,0.5711382113821138,0.6829268292682927
F1F84QlcxZ8.jpg,0.4898373983739837,0.2967479674796748
F2DDx_PnYKA.jpg,0.49796747967479676,0.45934959349593496
F2eHfMwIOxA.jpg,0.6280487804878049,0.508130081300813
F3ks2pDyH4s.jpg,0.5060975609756098,0.6504065040650406
F3rDBnQQbQU.jpg,0.5101626016260162,0.5487804878048781
F4dGVi1g8rQ.jpg,0.5264227642276422,0.573170731707317
F4-j7I4sFBU.jpg,0.6077235772357723,0.556910569105691
F4PZ1HhQ5_U.jpg,0.5101626016260162,0.4186991869918699
F04_Vc_SJO8.jpg,0.48577235772357724,0.573170731707317
F5WdhAHao7E.jpg,0.6239837398373984,0.44715447154471544
F6M6dCfdxf4.jpg,0.5426829268292683,0.36585365853658536
F7N3mAR4zUc.jpg,0.49796747967479676,0.516260162601626
F7Sive0fwIg.jpg,0.5792682926829268,0.5040650406504065
F07Su5SRI8M.jpg,0.49390243902439024,0.2804878048780488
F7UKfCkvjY4.jpg,0.5182926829268293,0.21138211382113822
F8cqx-8Gj-Q.jpg,0.6036585365853658,0.47560975609756095
F8En-DV3Hv8.jpg,0.4695121951219512,0.508130081300813
F8mUf0hjf74.jpg,0.4613821138211382,0.44308943089430897
F9o9PEx7MAQ.jpg,0.6239837398373984,0.4268292682926829
_F93tILWb_Y.jpg,0.4898373983739837,0.3902439024390244
fa2Yf8x8_3c.jpg,0.6239837398373984,0.524390243902439
fA6PXjd41JI.jpg,0.6077235772357723,0.5528455284552846
Fa5zsVbg71U.jpg,0.5752032520325203,0.5528455284552846
_FacZj2pLAc.jpg,0.5020325203252033,0.6260162601626016
fAd4u_HTGGY.jpg,0.5060975609756098,0.5040650406504065
FAd7ce2snms.jpg,0.38414634146341464,0.4268292682926829
FaGkuorkWP0.jpg,0.5304878048780488,0.5650406504065041
FAutKFEWW2E.jpg,0.5020325203252033,0.25609756097560976
favQn8WgRyk.jpg,0.676829268292683,0.3617886178861789
Fax2awvVbt8.jpg,0.4532520325203252,0.7520325203252033
FbhNdD1ow2g.jpg,0.6280487804878049,0.483739837398374
fBMnVjTfMJs.jpg,0.38414634146341464,0.6829268292682927
fb_-ORNv8fI.jpg,0.5304878048780488,0.4146341463414634
FB-RZVCjTVQ.jpg,0.4369918699186992,0.2845528455284553
F-BwatcPqnw.jpg,0.4898373983739837,0.6829268292682927
FBYLaMM3SgQ.jpg,0.5345528455284553,0.6910569105691057
fc8XKg43Dx8.jpg,0.39227642276422764,0.5650406504065041
FC9mIjVT-Yw.jpg,0.2784552845528455,0.6422764227642277
Fcc-1zBOgPk.jpg,0.5752032520325203,0.5650406504065041
Fcf3OcxiDoE.jpg,0.3516260162601626,0.4715447154471545
FCPJn1NeFdI.jpg,0.676829268292683,0.6219512195121951
FCqMgRuB4D4.jpg,0.5670731707317073,0.5
fczScUUQ2FY.jpg,0.5873983739837398,0.6585365853658537
FCZW1G_06_4.jpg,0.5833333333333334,0.6747967479674797
FDCr4frb7Vg.jpg,0.3394308943089431,0.6016260162601627
FDgvc4IWHgc.jpg,0.39227642276422764,0.44715447154471544