,name,x_p,y_p
0,-0_ww2ACIw8.jpg,105.63414634146342,162.66666666666666
1,-0YZgPxq04k.jpg,126.46341463414635,102.16260162601625
2,-1qb8SIBzKY.jpg,104.64227642276423,95.21951219512195
3,-2loC3xzDF8.jpg,115.55284552845528,156.71544715447155
4,-3cTY-Q6k88.jpg,150.26829268292684,108.11382113821139
5,-3qSsolbivo.jpg,110.59349593495935,113.07317073170732
6,-3uIUqsR-Rw.jpg,63.97560975609756,118.03252032520325
7,-4AR-vVjAbM.jpg,79.84552845528455,143.82113821138213
8,-4qCLz3r1s8.jpg,102.65853658536587,69.43089430894308
9,-4WLn9giArE.jpg,106.6260162601626,126.95934959349594
10,-5_tGk7SUuM.jpg,119.52032520325203,85.30081300813009
11,-5WWw6DeQ8w.jpg,103.65040650406505,101.17073170731706
12,-6h-oYfdZDA.jpg,88.77235772357724,96.21138211382113
13,-6i6a23H5Ho.jpg,101.66666666666667,98.19512195121952
14,-6JK87e42iQ.jpg,110.59349593495935,86.29268292682926
15,-6-uqd2hMCg.jpg,130.4308943089431,148.78048780487805
16,-7Mfzok9LNk.jpg,126.46341463414635,100.1788617886179
17,-7pW0Lv1Zmo.jpg,110.59349593495935,109.10569105691054
18,-7_yLivAnMc.jpg,78.85365853658537,123.98373983739836
19,-8dtqke9Z_0.jpg,93.73170731707314,100.1788617886179
20,-93ArahrTKc.jpg,108.60975609756098,110.09756097560977
21,-95yF3Q4l8s.jpg,175.0650406504065,106.130081300813
22,-_0lTCpTMsI.jpg,82.8211382113821,138.86178861788616
23,_0JilSuYCvc.jpg,68.9349593495935,130.9268292682927
24,_0rXmiM1uzk.jpg,111.58536585365854,134.89430894308944
25,_0TevBj2F1M.jpg,144.3170731707317,122.0
26,_1DFlakaznE.jpg,155.22764227642278,173.57723577235774
27,_1iEJewMxKk.jpg,102.65853658536587,103.15447154471545
28,_1rpqoEwUtw.jpg,111.58536585365854,86.29268292682926
29,_2QGPTS1j3k.jpg,180.02439024390245,97.20325203252033
30,_2Q-IzfYDmc.jpg,123.48780487804878,157.70731707317074
31,_2rf0fMIec8.jpg,72.90243902439025,107.12195121951218
32,_4DNallhzNA.jpg,149.27642276422765,146.7967479674797
33,_5xFwCrB4iI.jpg,92.73983739837398,111.08943089430892
34,_6iV1AJZ53s.jpg,69.92682926829268,170.60162601626018
35,_7a8Y0FNeZE.jpg,131.42276422764226,37.69105691056911
36,_8vovuZCj0c.jpg,167.130081300813,75.38211382113822
37,_8xbFVl8ldU.jpg,96.70731707317074,146.7967479674797
38,_9ItevtI7Zs.jpg,73.89430894308943,123.98373983739836
39,_9-ni_UhjZg.jpg,120.51219512195122,156.71544715447155
40,_9rJv47SMXQ.jpg,55.048780487804876,79.34959349593495
41,_58DIXD9PJ4.jpg,90.7560975609756,120.01626016260164
42,_72NMJyq6mU.jpg,132.41463414634148,93.23577235772359
43,_88DsHh1F20.jpg,125.47154471544717,98.19512195121952
44,__1Mu7EZXOM.jpg,132.41463414634148,99.1869918699187
45,0ABCZ9bTsw4.jpg,118.52845528455286,95.21951219512195
46,0afeQmNB2g8.jpg,118.52845528455286,109.10569105691054
47,0A-hKmGN-og.jpg,68.9349593495935,90.26016260162602
48,0arBExmGkwM.jpg,122.49593495934961,135.8861788617886
49,0ASyt0Opn1k.jpg,103.65040650406505,85.30081300813009
50,0aUxXCbg-c0.jpg,129.4390243902439,81.33333333333333
51,0aYGuHdeQs4.jpg,88.77235772357724,38.68292682926829
52,0AZoKtwcTEs.jpg,122.49593495934961,110.09756097560977
53,0b7CIkTssHI.jpg,87.78048780487805,123.98373983739836
54,0-B75Xgap10.jpg,117.53658536585365,115.0569105691057
55,00B1V72UCGo.jpg,124.47967479674796,172.58536585365852
56,0B3wG1Q45zY.jpg,154.23577235772356,133.90243902439025
57,00bdG0g6CiE.jpg,124.47967479674796,105.13821138211382
58,0BZfRVas6-4.jpg,131.42276422764226,109.10569105691054
59,0cg6yKJIFJ4.jpg,101.66666666666667,114.06504065040652
60,0cSOFraG4uc.jpg,61.991869918699194,101.17073170731706
61,0DFk--9cWO4.jpg,95.71544715447156,140.84552845528455
62,0dmBcIp28Gc.jpg,143.3252032520325,112.08130081300814
63,0DosbK_etK8.jpg,113.56910569105692,150.76422764227644
64,0Duw1wFCBEA.jpg,127.45528455284553,75.38211382113822
65,0-DzdeXdejU.jpg,101.66666666666667,125.96747967479676
66,0eCPVce7Utk.jpg,94.72357723577235,88.27642276422765
67,0EfhvSvOhFI.jpg,134.39837398373982,112.08130081300814
68,0EOzs194BXQ.jpg,112.57723577235772,97.20325203252033
69,0et_5SA0p4A.jpg,139.3577235772358,100.1788617886179
70,0ETSZYPjvDo.jpg,81.82926829268294,135.8861788617886
71,0EVL1vLA5SM.jpg,101.66666666666667,40.666666666666664
72,0ex5ixoTnRw.jpg,122.49593495934961,164.65040650406505
73,0fhQYNv2nzE.jpg,121.50406504065043,183.4959349593496
74,0fXVQP_KdFk.jpg,115.55284552845528,122.0
75,0fZGLERdNdM.jpg,122.49593495934961,122.0
76,0G4QNbmlYdw.jpg,122.49593495934961,116.04878048780489
77,0gf57cIqNmc.jpg,88.77235772357724,82.32520325203252
78,0g-j9lB26IY.jpg,98.69105691056912,71.41463414634146
79,0GM9rnGzBUI.jpg,97.69918699186991,118.03252032520325
80,0gNVyfQMRVI.jpg,112.57723577235772,109.10569105691054
81,0goAIAtLlF4.jpg,102.65853658536587,95.21951219512195
82,0gRNYjAwv8Y.jpg,116.54471544715446,141.83739837398375
83,0H92ha6c9SI.jpg,127.45528455284553,108.11382113821139
84,0hdnu8DcSDk.jpg,176.0569105691057,114.06504065040652
85,0hDR599-5I0.jpg,164.15447154471545,113.07317073170732
86,0hFK_7mbJ_Q.jpg,150.26829268292684,97.20325203252033
87,0hHCIHyUN0E.jpg,117.53658536585365,102.16260162601625
88,0HW_3j-trn8.jpg,132.41463414634148,119.02439024390243
89,0HzReGi-sRc.jpg,90.7560975609756,73.39837398373984
90,0iAxBDECbaE.jpg,112.57723577235772,132.91056910569105
91,0iCpJsz6X8c.jpg,71.91056910569108,126.95934959349594
92,0IME-S3QeXk.jpg,72.90243902439025,171.59349593495935
93,0ImqAx2eZIQ.jpg,113.56910569105692,108.11382113821139
94,0iNLhORjMGM.jpg,120.51219512195122,117.04065040650407
95,0iOOw41DZ28.jpg,146.3008130081301,161.6747967479675
96,0iP9e8u_zhA.jpg,123.48780487804878,104.14634146341463
97,0J3_p-xc9s8.jpg,152.2520325203252,107.12195121951218
98,0JDgQ82R1mc.jpg,112.57723577235772,147.78861788617886
99,0J-i1vNmyfY.jpg,86.78861788617887,132.91056910569105
100,0jy-e04bmaE.jpg,152.2520325203252,71.41463414634146
101,0JyYRzjQHAQ.jpg,147.29268292682926,109.10569105691054
102,0K8f4RRMFhA.jpg,114.56097560975608,140.84552845528455
103,0kiYSEyChqQ.jpg,99.68292682926827,116.04878048780489
104,0KleqkJzL1k.jpg,130.4308943089431,94.22764227642276
105,0KwXPynNlEE.jpg,127.45528455284553,128.9430894308943
106,0kxebH7U7xg.jpg,86.78861788617887,105.13821138211382
107,0l4R1F3bFxA.jpg,126.46341463414635,168.6178861788618
108,0lHIMPhRtN8.jpg,113.56910569105692,123.98373983739836
109,0LnXtS8DUZI.jpg,83.8130081300813,110.09756097560977
110,0Lny4YLxIFA.jpg,72.90243902439025,107.12195121951218
111,0MUyISRt0TU.jpg,159.1951219512195,180.52032520325204
112,0n5uU9M_7p8.jpg,115.55284552845528,121.0081300813008
113,0NFaTBh5wHM.jpg,114.56097560975608,131.91869918699186
114,0NmTMg7dEA4.jpg,71.91056910569108,120.01626016260164
115,0NtTrIodzuw.jpg,157.21138211382114,134.89430894308944
116,0nulATHut58.jpg,111.58536585365854,116.04878048780489
117,0NZDUuQvjcI.jpg,111.58536585365854,143.82113821138213
118,0o3Cfq6WJ6Y.jpg,92.73983739837398,120.01626016260164
119,0O0Cia89YLU.jpg,118.52845528455286,153.739837398374
120,0O9A0F_d1qA.jpg,115.55284552845528,115.0569105691057
121,0oPxs0YFdww.jpg,124.47967479674796,120.01626016260164
122,0OqCRbwWu6g.jpg,130.4308943089431,87.28455284552847
123,0p6YX-UWfrs.jpg,129.4390243902439,118.03252032520325
124,0P6DQFg6GiA.jpg,121.50406504065043,93.23577235772359
125,0Q1hQfPmQ5k.jpg,124.47967479674796,149.77235772357722
126,0Q3m0UJlRyM.jpg,86.78861788617887,190.4390243902439
127,0QdIJgNmMdg.jpg,88.77235772357724,106.130081300813
128,0qEmA2h57Pk.jpg,114.56097560975608,89.26829268292683
129,0QKDO0pQSmY.jpg,93.73170731707314,139.85365853658536
130,0qlJUqj9_vY.jpg,111.58536585365854,105.13821138211382
131,0qRSzNyjvsI.jpg,118.52845528455286,91.25203252032522
132,0qv-EyDsi58.jpg,97.69918699186991,133.90243902439025
133,0rPV2_Wr-JE.jpg,70.91869918699187,119.02439024390243
134,0RTmv1Kx9Qk.jpg,127.45528455284553,173.57723577235774
135,0sCeeplP7kA.jpg,94.72357723577235,116.04878048780489
136,0SlRoqqEF2Y.jpg,118.52845528455286,111.08943089430892
137,0T3R-QVgXUg.jpg,135.39024390243904,51.577235772357724
138,0T8ePa8D-1w.jpg,123.48780487804878,117.04065040650407
139,0TPmrjTXjSs.jpg,166.13821138211384,143.82113821138213
140,0tr6IDnQlmQ.jpg,163.16260162601625,84.3089430894309
141,0tykfPL2U7w.jpg,136.3821138211382,130.9268292682927
142,0UAb0KxYiyw.jpg,120.51219512195122,83.31707317073173
143,0uaSThUbRmA.jpg,100.67479674796748,125.96747967479676
144,0uCr6UeCrmc.jpg,112.57723577235772,107.12195121951218
145,0ufkmj46xvU.jpg,141.34146341463412,121.0081300813008
146,0ugpg5ordnE.jpg,121.50406504065043,139.85365853658536
147,0ulvCH8PI1E.jpg,125.47154471544717,112.08130081300814
148,0uPV-K67DaU.jpg,118.52845528455286,112.08130081300814
149,0VbO85mcRqo.jpg,131.42276422764226,122.0
150,0_vRmdJe3Qo.jpg,106.6260162601626,107.12195121951218
151,0vyC_VrdoNw.jpg,138.36585365853657,66.45528455284553
152,0w30TD5VuCg.jpg,93.73170731707314,57.52845528455285
153,0wTnTOnLIos.jpg,78.85365853658537,159.6910569105691
154,0wyjE0FzVm4.jpg,152.2520325203252,96.21138211382113
155,0wyzsMi8sb8.jpg,122.49593495934961,116.04878048780489
156,0-xL6W2pJOU.jpg,148.28455284552845,77.36585365853658
157,0xYkkvLu9So.jpg,106.6260162601626,116.04878048780489
158,0-YcgK37WMU.jpg,119.52032520325203,152.7479674796748
159,0YDprNhG5_o.jpg,106.6260162601626,75.38211382113822
160,0yeDc5fOgu4.jpg,123.48780487804878,119.02439024390243
161,0Yic_X6GLbY.jpg,117.53658536585365,99.1869918699187
162,0YLDM5Tsrik.jpg,179.03252032520328,125.96747967479676
163,0YMDG0UTwSg.jpg,108.60975609756098,195.39837398373982
164,0ytwNH74s3A.jpg,132.41463414634148,91.25203252032522
165,0yuIA1K7LyA.jpg,120.51219512195122,114.06504065040652
166,0yYGjlBGiaA.jpg,122.49593495934961,115.0569105691057
167,0z_f5Ksxah8.jpg,130.4308943089431,141.83739837398375
168,0ZHvH8DITFA.jpg,77.86178861788618,117.04065040650407
169,0zPMieZk240.jpg,124.47967479674796,101.17073170731706
170,1_5J6uHtees.jpg,92.73983739837398,133.90243902439025
171,1AGWetTYusU.jpg,63.97560975609756,135.8861788617886
172,1ai1ZhbnrhA.jpg,80.83739837398375,120.01626016260164
173,1aJiV6n-z0c.jpg,133.40650406504065,84.3089430894309
174,1aqRkSR-66c.jpg,153.2439024390244,98.19512195121952
175,1axC9P7Qg2I.jpg,119.52032520325203,88.27642276422765
176,1B9mMpjb7iI.jpg,117.53658536585365,93.23577235772359
177,1bel5M-40v4.jpg,132.41463414634148,115.0569105691057
178,1bTun4Tr0-w.jpg,121.50406504065043,119.02439024390243
179,1BuzFn7GT5s.jpg,112.57723577235772,175.5609756097561
180,1CcjT68gMRM.jpg,124.47967479674796,63.47967479674797
181,1C_fT-mKdDM.jpg,151.260162601626,84.3089430894309
182,1ciHU-qPifY.jpg,124.47967479674796,98.19512195121952
183,1CK8-u2oisU.jpg,143.3252032520325,187.46341463414635
184,1CQjStL89kQ.jpg,65.95934959349593,93.23577235772359
185,1CuRCSwI1NY.jpg,116.54471544715446,111.08943089430892
186,1cVQMljvsnw.jpg,118.52845528455286,124.97560975609757
187,1d2EAoXPQWY.jpg,108.60975609756098,156.71544715447155
188,1dkM0L186v0.jpg,150.26829268292684,122.0
189,1dnK-j-difg.jpg,124.47967479674796,170.60162601626018
190,1ebnqIz-lNM.jpg,110.59349593495935,81.33333333333333
191,1Ee4L9DOiBs.jpg,120.51219512195122,120.01626016260164
192,1eiUyHTpcn8.jpg,124.47967479674796,123.98373983739836
193,1EmRxc-hdcc.jpg,126.46341463414635,95.21951219512195
194,1EPgvrScmsM.jpg,121.50406504065043,108.11382113821139
195,1eReB1OKOr0.jpg,55.048780487804876,109.10569105691054
196,1e_y2TFohKU.jpg,114.56097560975608,91.25203252032522
197,1FDVPV_fx1M.jpg,66.95121951219512,116.04878048780489
198,1FG11z7p7wQ.jpg,137.3739837398374,121.0081300813008
199,1fHy_CKvnMI.jpg,98.69105691056912,107.12195121951218
200,1fJ7DqrrXs0.jpg,106.6260162601626,177.5447154471545
201,1FOI4TLEl0I.jpg,116.54471544715446,142.8292682926829
202,1fUu0dratoM.jpg,164.15447154471545,85.30081300813009
203,1gJDNHzwegI.jpg,88.77235772357724,101.17073170731706
204,1GXoWtfjxqw.jpg,101.66666666666667,106.130081300813
205,1Gy6L3iJyUI.jpg,170.10569105691056,86.29268292682926
206,1h9c01xe0YY.jpg,104.64227642276423,150.76422764227644
207,1H01-cxRQJY.jpg,87.78048780487805,120.01626016260164
208,1hAAiu3JmQY.jpg,147.29268292682926,95.21951219512195
209,1Hnp70OlgkQ.jpg,114.56097560975608,98.19512195121952
210,1HQMBoUPhVk.jpg,128.4471544715447,79.34959349593495
211,1HzX60Vq9ok.jpg,120.51219512195122,109.10569105691054
212,1i2weGC39_s.jpg,61.991869918699194,121.0081300813008
213,1I-fwrMgMMI.jpg,93.73170731707314,179.52845528455282
214,1ioyLcCDldw.jpg,148.28455284552845,146.7967479674797
215,1IQEuE3yPj8.jpg,122.49593495934961,138.86178861788616
216,1_IV9CRLnd8.jpg,120.51219512195122,94.22764227642276
217,1JCme4x9QlU.jpg,78.85365853658537,75.38211382113822
218,1jEcoFpvfEI.jpg,165.14634146341461,131.91869918699186
219,1jG0HbnO_8o.jpg,112.57723577235772,129.9349593495935
220,1jhNSrOxWJY.jpg,85.79674796747967,113.07317073170732
221,1JjQ2sdr5UA.jpg,53.065040650406516,151.7560975609756
222,1jN9xDnedc8.jpg,153.2439024390244,80.34146341463415
223,1JNASpmrnnU.jpg,155.22764227642278,118.03252032520325
224,1JXd96WKotU.jpg,50.08943089430895,116.04878048780489
225,1jy4PhuaJPw.jpg,122.49593495934961,121.0081300813008
226,1K3RQsw2mqE.jpg,90.7560975609756,127.9512195121951
227,1K5FKIyKVxQ.jpg,85.79674796747967,132.91056910569105
228,1KTOpv3VGMM.jpg,114.56097560975608,78.35772357723577
229,1lHzm_NxIhY.jpg,132.41463414634148,181.5121951219512
230,1lqL7A9x0g0.jpg,88.77235772357724,79.34959349593495
231,1lY3XL_aHu0.jpg,106.6260162601626,135.8861788617886
232,1_nDj7Rwm8Y.jpg,107.61788617886178,108.11382113821139
233,1NirmzxIrSU.jpg,156.21951219512195,140.84552845528455
234,1n--m74tt74.jpg,191.9268292682927,130.9268292682927
235,1nQnLdJk-Xs.jpg,56.04065040650407,130.9268292682927
236,1NwEDhtL_QA.jpg,121.50406504065043,150.76422764227644
237,1NWelRMqR4Q.jpg,119.52032520325203,96.21138211382113
238,1O802J9uvng.jpg,133.40650406504065,108.11382113821139
239,1Ofu8QGRFrg.jpg,151.260162601626,154.73170731707316
240,1_-OO7V94nc.jpg,160.1869918699187,79.34959349593495
241,1OxbIpPE8Po.jpg,80.83739837398375,56.53658536585366
242,1P9_gs54iZw.jpg,166.13821138211384,157.70731707317074
243,1PehHv0VwFM.jpg,92.73983739837398,98.19512195121952
244,1PhcPDabyu8.jpg,112.57723577235772,118.03252032520325
245,01pLqeRHTwc.jpg,173.08130081300817,112.08130081300814
246,1PlrzNhc_KQ.jpg,110.59349593495935,116.04878048780489
247,1PQYdjt7oxk.jpg,126.46341463414635,55.54471544715447
248,1Q9whdktZNU.jpg,103.65040650406505,75.38211382113822
249,1qVS-o_OfrA.jpg,149.27642276422765,105.13821138211382
250,1QYtLPzPXb0.jpg,108.60975609756098,100.1788617886179
251,1rC6XZ16l-A.jpg,139.3577235772358,129.9349593495935
252,1rridJacwTQ.jpg,134.39837398373982,77.36585365853658
253,1ruQcIcp3wg.jpg,125.47154471544717,63.47967479674797
254,1RYcMd8xz14.jpg,154.23577235772356,132.91056910569105
255,1SK0MfuNIEQ.jpg,97.69918699186991,100.1788617886179
256,1SU-B1-Tt-0.jpg,157.21138211382114,149.77235772357722
257,1s_x77v6xQo.jpg,92.73983739837398,116.04878048780489
258,1t6K4S2r5kU.jpg,82.8211382113821,108.11382113821139
259,1tDn0aP1UJc.jpg,209.78048780487805,153.739837398374
260,1tpePb85fzM.jpg,167.130081300813,85.30081300813009
261,1ts13gEKEww.jpg,147.29268292682926,100.1788617886179
262,1UCj8BZEqRw.jpg,187.95934959349594,135.8861788617886
263,1ufh4CgvFls.jpg,120.51219512195122,135.8861788617886
264,1UFTd1eRamE.jpg,90.7560975609756,109.10569105691054
265,1vdeG14o9XI.jpg,106.6260162601626,75.38211382113822
266,1VgfQdCuX-4.jpg,148.28455284552845,133.90243902439025
267,1VIRv1zTbpw.jpg,136.3821138211382,147.78861788617886
268,1Vol-slagq4.jpg,124.47967479674796,78.35772357723577
269,1-vouQEaHOA.jpg,131.42276422764226,64.47154471544717
270,1V_ze5Oc-GU.jpg,144.3170731707317,180.52032520325204
271,1wbuiSHrvyI.jpg,115.55284552845528,139.85365853658536
272,1whm4uDjX4w.jpg,120.51219512195122,138.86178861788616
273,1WhW787C2UE.jpg,100.67479674796748,114.06504065040652
274,1wi2kDgq3tw.jpg,176.0569105691057,125.96747967479676
275,1WnJiWvCBWY.jpg,105.63414634146342,92.2439024390244
276,1wQbtsNa5K8.jpg,136.3821138211382,171.59349593495935
277,1wrzvwoK8A4.jpg,149.27642276422765,199.36585365853657
278,1wX5lrOmg0s.jpg,117.53658536585365,87.28455284552847
279,1x9ElmBT7t0.jpg,171.09756097560975,136.87804878048783
280,1X6uV3-ijUI.jpg,140.34959349593495,132.91056910569105
281,1XvjS1fCrms.jpg,146.3008130081301,87.28455284552847
282,1ykxJPkXu3k.jpg,169.1138211382114,88.27642276422765
283,1YP1idcknWw.jpg,123.48780487804878,126.95934959349594
284,1Ytzecs_XU4.jpg,167.130081300813,162.66666666666666
285,1YUvawZCV6Y.jpg,81.82926829268294,135.8861788617886
286,1zFK6HwV0bA.jpg,144.3170731707317,78.35772357723577
287,1ZfrBTMl8SA.jpg,130.4308943089431,135.8861788617886
288,1-Zg4MzUH2c.jpg,126.46341463414635,126.95934959349594
289,1Zgn-Xg1xGg.jpg,123.48780487804878,139.85365853658536
290,1ZjqipMFzeM.jpg,107.61788617886178,89.26829268292683
291,1ZLNmP7-KUM.jpg,91.74796747967481,127.9512195121951
292,1znndlyYTsU.jpg,100.67479674796748,52.56910569105691
293,2_3g53wNQk8.jpg,111.58536585365854,83.31707317073173
294,2a1fvSaGhgs.jpg,105.63414634146342,95.21951219512195
295,2aPfcyAC2cc.jpg,135.39024390243904,110.09756097560977
296,2AseoUiNxlI.jpg,120.51219512195122,107.12195121951218
297,2AX7usznmyQ.jpg,123.48780487804878,120.01626016260164
298,2bh6mF9CBHY.jpg,153.2439024390244,112.08130081300814
299,2BoY-CIi2Aw.jpg,138.36585365853657,124.97560975609757
300,2bpKjY8tuSI.jpg,102.65853658536587,62.487804878048784
301,2-Bq_AGZyr8.jpg,162.1707317073171,111.08943089430892
302,2bU8FGDhMFQ.jpg,122.49593495934961,122.0
303,2c5RRn0uS6Q.jpg,96.70731707317074,117.04065040650407
304,2CfZuXbzdO0.jpg,178.04065040650406,129.9349593495935
305,2CJIkl-df2M.jpg,143.3252032520325,68.43902439024392
306,2cL8ZO7FekI.jpg,124.47967479674796,126.95934959349594
307,2_CRBTyieWo.jpg,118.52845528455286,139.85365853658536
308,2CubIH6NMEo.jpg,113.56910569105692,123.98373983739836
309,2DADsNcfqqs.jpg,150.26829268292684,130.9268292682927
310,2DcQEdb0-3c.jpg,112.57723577235772,96.21138211382113
311,2dH6QL2sS0U.jpg,170.10569105691056,83.31707317073173
312,2E946jsOFvE.jpg,87.78048780487805,88.27642276422765
313,2EmLMaTshko.jpg,87.78048780487805,101.17073170731706
314,2eubG_o4gLc.jpg,117.53658536585365,151.7560975609756
315,2fFVsZjGZCg.jpg,95.71544715447156,127.9512195121951
316,2FM9g-vAkJg.jpg,127.45528455284553,79.34959349593495
317,2g1gyEumIrE.jpg,89.76422764227641,109.10569105691054
318,2G5a0GqdQxA.jpg,118.52845528455286,125.96747967479676
319,2GAvdXQ6Xp8.jpg,88.77235772357724,175.5609756097561
320,2gCNcAvkGEY.jpg,103.65040650406505,136.87804878048783
321,2gMDqim35xw.jpg,129.4390243902439,110.09756097560977
322,2gNx4aKQYvY.jpg,110.59349593495935,157.70731707317074
323,2h8LxlRo5ow.jpg,122.49593495934961,130.9268292682927
324,2H5V0cvEk_8.jpg,181.01626016260164,139.85365853658536
325,2hdkQxyEvPc.jpg,129.4390243902439,103.15447154471545
326,2HGOde2Wyy8.jpg,117.53658536585365,52.56910569105691
327,2HI-i7o1qQc.jpg,103.65040650406505,187.46341463414635
328,2_Hq-7KKL4I.jpg,122.49593495934961,121.0081300813008
329,2hSypX6qBew.jpg,152.2520325203252,91.25203252032522
330,2IIVCliix0A.jpg,115.55284552845528,190.4390243902439
331,2ItamjVvf-0.jpg,126.46341463414635,103.15447154471545
332,2ixYuIJ83U4.jpg,145.3089430894309,102.16260162601625
333,2jA_YoQuvaA.jpg,123.48780487804878,76.3739837398374
334,2jHoLjbJrdw.jpg,136.3821138211382,142.8292682926829
335,2j_N7qzz_-s.jpg,122.49593495934961,135.8861788617886
336,2jZtqOxWxwI.jpg,111.58536585365854,94.22764227642276
337,2Ka0oKSMxVE.jpg,67.9430894308943,116.04878048780489
338,2kgCGiNLuh0.jpg,179.03252032520328,145.8048780487805
339,2_kiYSibmh4.jpg,133.40650406504065,100.1788617886179
340,2kotGxwlAIo.jpg,180.02439024390245,118.03252032520325
341,2kSZ19vYkKI.jpg,127.45528455284553,169.60975609756096
342,2kTJ7nZMa_s.jpg,120.51219512195122,94.22764227642276
343,2l6nNAqmPj8.jpg,157.21138211382114,122.99186991869918
344,2LG10PhcU44.jpg,51.08130081300813,139.85365853658536
345,2Lt00BcNrhw.jpg,124.47967479674796,75.38211382113822
346,2lVzJLUazPA.jpg,120.51219512195122,70.42276422764228
347,2lXW8pjnuFs.jpg,150.26829268292684,88.27642276422765
348,2_M5YygFMqo.jpg,93.73170731707314,129.9349593495935
349,2mG78qrzhTo.jpg,103.65040650406505,80.34146341463415
350,2MO_9uDDu30.jpg,75.87804878048782,103.15447154471545
351,2mqbXtsgP7g.jpg,82.8211382113821,73.39837398373984
352,2mSzfaseWvg.jpg,110.59349593495935,144.8130081300813
353,2mTvI_sbFTA.jpg,123.48780487804878,125.96747967479676
354,2mXZPiI3FIY.jpg,112.57723577235772,110.09756097560977
355,2n4xPjN_fRk.jpg,164.15447154471545,103.15447154471545
356,2Nd8o0IuEGA.jpg,164.15447154471545,111.08943089430892
357,2NitDiiC_rY.jpg,110.59349593495935,123.98373983739836
358,2nkth4yfAAI.jpg,109.60162601626016,131.91869918699186
359,2NQEQHcHLBU.jpg,134.39837398373982,155.72357723577235
360,2NYBLRKJnCs.jpg,121.50406504065043,124.97560975609757
361,2o5cSEwAWyI.jpg,125.47154471544717,131.91869918699186
362,2o-aXs-aloY.jpg,117.53658536585365,159.6910569105691
363,2OdIzy52OaQ.jpg,114.56097560975608,125.96747967479676
364,2OuUx9VDl74.jpg,113.56910569105692,103.15447154471545
365,2oZ_9KuYaEo.jpg,173.08130081300817,143.82113821138213
366,2pp6Ak91CkM.jpg,107.61788617886178,115.0569105691057
367,2pSK9oOgCmQ.jpg,85.79674796747967,142.8292682926829
368,2pyjlGXJ4xQ.jpg,108.60975609756098,109.10569105691054
369,2Q8zDWkj0Yw.jpg,57.03252032520326,103.15447154471545
370,2QhVSCUUK8Q.jpg,117.53658536585365,128.9430894308943
371,2qMHr5LFysU.jpg,136.3821138211382,132.91056910569105
372,2qQgdily4tY.jpg,119.52032520325203,138.86178861788616
373,2QRkCnsaqpM.jpg,93.73170731707314,81.33333333333333
374,2QUvkQTBh5s.jpg,190.9349593495935,96.21138211382113
375,2rIGLsZzMhY.jpg,117.53658536585365,122.99186991869918
376,2sHW5kPSOG8.jpg,113.56910569105692,112.08130081300814
377,2sJ_9nbUpFc.jpg,83.8130081300813,138.86178861788616
378,2sX9Xq24z6Y.jpg,131.42276422764226,140.84552845528455
379,2SzJk_cNtKs.jpg,114.56097560975608,141.83739837398375
380,2t70V3EF3d4.jpg,149.27642276422765,101.17073170731706
381,2T7SbAVijvE.jpg,125.47154471544717,118.03252032520325
382,2TE9VLMNlAI.jpg,115.55284552845528,126.95934959349594
383,2THFkVFcIzE.jpg,100.67479674796748,93.23577235772359
384,2TlKofper84.jpg,104.64227642276423,79.34959349593495
385,2TWVY8WkzNY.jpg,112.57723577235772,144.8130081300813
386,2tZyuvlYSAA.jpg,122.49593495934961,163.65853658536588
387,2U890s9L77g.jpg,97.69918699186991,90.26016260162602
388,2U-2DOIG-8c.jpg,70.91869918699187,72.40650406504065
389,2UJzpXfT8PU.jpg,111.58536585365854,136.87804878048783
390,2UN2HhLhTPE.jpg,103.65040650406505,203.33333333333334
391,2UngTfC3r3Y.jpg,125.47154471544717,123.98373983739836
392,2UWYzwHs5vE.jpg,102.65853658536587,192.42276422764226
393,2VAB7Z6nE1Y.jpg,124.47967479674796,102.16260162601625
394,2vHgij_n6q8.jpg,167.130081300813,117.04065040650407
395,2VnOvjSpI3Q.jpg,135.39024390243904,142.8292682926829
396,02vspxvuZLo.jpg,104.64227642276423,96.21138211382113
397,2vuIY5NSYdo.jpg,84.80487804878048,133.90243902439025
398,2wbG8ZbWjEs.jpg,160.1869918699187,37.69105691056911
399,2WHCbvt1msg.jpg,130.4308943089431,113.07317073170732
400,2WlmpCUZhKw.jpg,160.1869918699187,88.27642276422765
401,2-WOQlC2rjg.jpg,114.56097560975608,88.27642276422765
402,2wY8WGUTUHk.jpg,168.12195121951217,73.39837398373984
403,2WzMZHI8W70.jpg,121.50406504065043,78.35772357723577
404,2xEPqU-8q34.jpg,89.76422764227641,67.44715447154472
405,2XFsg05WUCA.jpg,124.47967479674796,135.8861788617886
406,2xgFQNzqTvQ.jpg,115.55284552845528,108.11382113821139
407,2_xkTKvlCu0.jpg,132.41463414634148,95.21951219512195
408,2XlB5L33Asw.jpg,189.9430894308943,116.04878048780489
409,2XLuMShTV-M.jpg,165.14634146341461,119.02439024390243
410,2_xN1-zKyLo.jpg,88.77235772357724,95.21951219512195
411,2XrGRxBFYTw.jpg,116.54471544715446,53.56097560975609
412,2yvFooPiiCU.jpg,144.3170731707317,122.0
413,2YZsQYtxKJQ.jpg,125.47154471544717,99.1869918699187
414,2Z8JaVIR3DA.jpg,119.52032520325203,153.739837398374
415,2zGZxc3fpcg.jpg,122.49593495934961,142.8292682926829
416,2zlxFmByClI.jpg,177.04878048780486,78.35772357723577
417,3-6mITmMyGI.jpg,91.74796747967481,148.78048780487805
418,3-8GSy13P4Q.jpg,130.4308943089431,125.96747967479676
419,3a2A6SkuN8g.jpg,108.60975609756098,121.0081300813008
420,3a20DBlwvYY.jpg,92.73983739837398,186.47154471544718
421,3Aa3VMvyss8.jpg,173.08130081300817,145.8048780487805
422,3AbwSH1y9dc.jpg,146.3008130081301,131.91869918699186
423,3ACpcGixh2k.jpg,70.91869918699187,127.9512195121951
424,3ALWS-fLXEU.jpg,123.48780487804878,96.21138211382113
425,3b8aSFVAoJw.jpg,172.08943089430895,87.28455284552847
426,3bdiIO1vjuU.jpg,130.4308943089431,117.04065040650407
427,3BfiCftN8Ds.jpg,122.49593495934961,218.21138211382114
428,3B_NrzTjajc.jpg,94.72357723577235,133.90243902439025
429,3bOcN07-iKo.jpg,120.51219512195122,48.60162601626016
430,3bOElZGFIBc.jpg,86.78861788617887,126.95934959349594
431,3BoRilpEebo.jpg,162.1707317073171,136.87804878048783
432,3Cgmcux-cpY.jpg,154.23577235772356,117.04065040650407
433,3ChC4Y_Zxws.jpg,123.48780487804878,81.33333333333333
434,3CVquBkD30o.jpg,81.82926829268294,54.55284552845527
435,3CxVpFO739c.jpg,121.50406504065043,92.2439024390244
436,3d2Ec9Kfgxg.jpg,65.95934959349593,195.39837398373982
437,3DDRT7Zp69E.jpg,183.0,115.0569105691057
438,3DOQuvKF1Qc.jpg,120.51219512195122,97.20325203252033
439,3E8rLxf0gIM.jpg,88.77235772357724,140.84552845528455
440,3eDUvZeCqBA.jpg,45.13008130081301,132.91056910569105
441,3eFEYj1wAhY.jpg,73.89430894308943,150.76422764227644
442,3eLY9nwyqqE.jpg,147.29268292682926,55.54471544715447
443,03E-nfoFKtE.jpg,118.52845528455286,201.34959349593495
444,3eO-V3J6OO0.jpg,119.52032520325203,92.2439024390244
445,3EsACKTTIQ8.jpg,158.2032520325203,124.97560975609757
446,3FDNIEAT6Qk.jpg,81.82926829268294,96.21138211382113
447,3FFO_aNa5Sc.jpg,61.0,75.38211382113822
448,3FVeCbX6OrY.jpg,112.57723577235772,150.76422764227644
449,3GgP7QwGnXQ.jpg,67.9430894308943,126.95934959349594
450,3GkGBBvKCek.jpg,126.46341463414635,165.6422764227642
451,3GRE5b5ZEC4.jpg,59.016260162601625,133.90243902439025
452,3HlgJNdnD7I.jpg,60.00813008130081,122.99186991869918
453,3I9DuVQ2INg.jpg,119.52032520325203,171.59349593495935
454,3ID-G4-2Gp4.jpg,95.71544715447156,157.70731707317074
455,3ikHyQtIH94.jpg,93.73170731707314,83.31707317073173
456,3iN8u093I_c.jpg,121.50406504065043,91.25203252032522
457,3isEOm_biCE.jpg,119.52032520325203,143.82113821138213
458,3j1BSrAp8lI.jpg,129.4390243902439,98.19512195121952
459,Bxzrd0p6yOM.jpg,106.6260162601626,144.8130081300813
460,By4VoZNLYlw.jpg,125.96747967479676,68.43902439024392
461,bYFwkzeGJtc.jpg,104.14634146341463,105.13821138211382
462,byHgSMW7T4s.jpg,196.39024390243904,123.98373983739836
463,BYk4w0QXLEw.jpg,105.13821138211382,114.06504065040652
464,byq4tkp1nmg.jpg,110.09756097560977,92.2439024390244
465,bYsTQKjMsys.jpg,113.07317073170732,120.01626016260164
466,Byty74DQRr8.jpg,113.07317073170732,140.84552845528455
467,bYuI23mnmDQ.jpg,116.04878048780489,129.9349593495935
468,bYUlCGuYk-o.jpg,114.06504065040652,147.78861788617886
469,bYuo_uVzapM.jpg,132.91056910569105,110.09756097560977
470,bywVO_z3GKs.jpg,121.0081300813008,126.95934959349594
471,BywYl0Fp3pI.jpg,171.59349593495935,102.16260162601625
472,Bz4dHv-9PFQ.jpg,154.73170731707316,75.38211382113822
473,Bz6Lavu8Gho.jpg,70.42276422764228,132.91056910569105
474,b_ZeDZJ6R2I.jpg,77.36585365853658,179.52845528455282
475,bzEfpDMVQzs.jpg,130.9268292682927,142.8292682926829
476,bZlV3QZ6zoU.jpg,178.53658536585365,151.7560975609756
477,BznmBQVqWmo.jpg,139.85365853658536,104.14634146341463
478,bzOhmrLjbeI.jpg,120.01626016260164,135.8861788617886
479,BZpt3Qn09WQ.jpg,101.17073170731706,154.73170731707316
480,bZQ3dkrVi9E.jpg,121.0081300813008,122.99186991869918
481,BZzHWmQUszE.jpg,93.23577235772359,114.06504065040652
482,c0yxo8OEYls.jpg,172.58536585365852,106.130081300813
483,c1bshOfP_IA.jpg,109.10569105691054,102.16260162601625
484,c1Dyamo2P64.jpg,120.01626016260164,104.14634146341463
485,c1GvSm0xf_g.jpg,116.04878048780489,130.9268292682927
486,c2tsGuLi1kc.jpg,102.16260162601625,94.22764227642276
487,c3N7MRjGxTw.jpg,121.0081300813008,116.04878048780489
488,c3wsMnxQZDw.jpg,130.9268292682927,123.98373983739836
489,c4haFZYuRq4.jpg,124.97560975609757,92.2439024390244
490,c4HoAUZN1V8.jpg,114.06504065040652,132.91056910569105
491,c4IBsSCuwIU.jpg,119.02439024390243,130.9268292682927
492,c4MEDTlcz4k.jpg,112.08130081300814,139.85365853658536
493,c4n-4SSyZ9g.jpg,123.98373983739836,141.83739837398375
494,c5g4oNFj5KE.jpg,116.04878048780489,166.63414634146343
495,c5-mCFlanbU.jpg,139.85365853658536,131.91869918699186
496,c5pNtQ_eIZ0.jpg,121.0081300813008,95.21951219512195
497,c6pK63qYH8k.jpg,132.91056910569105,130.9268292682927
498,c6Q2ANaZqQI.jpg,124.97560975609757,122.0
499,c7pX8bZbwCY.jpg,112.08130081300814,165.6422764227642
500,c07Xgi0wS74.jpg,122.0,125.96747967479676
501,c8yq39WBu3I.jpg,121.0081300813008,121.0081300813008
502,c9MFM8rSMsQ.jpg,78.35772357723577,83.31707317073173
503,c19qlljAdjI.jpg,120.01626016260164,115.0569105691057
504,c54ZhWDLEDo.jpg,150.76422764227644,78.35772357723577
505,c60glX9yzYU.jpg,84.3089430894309,38.68292682926829
506,C0edGRyDr7I.jpg,158.6991869918699,104.14634146341463
507,C0OD8OM-oM0.jpg,140.84552845528455,140.84552845528455
508,C0TdqVpiui0.jpg,125.96747967479676,108.11382113821139
509,C0vrrH7u8RA.jpg,152.7479674796748,121.0081300813008
510,C1ccrG_QW8c.jpg,128.9430894308943,103.15447154471545
511,C1J_eSGNPt0.jpg,85.30081300813009,80.34146341463415
512,C2a4RGapd8s.jpg,123.98373983739836,106.130081300813
513,C2UUFseZ8Lk.jpg,120.01626016260164,121.0081300813008
514,C2yqyXU9r3k.jpg,122.0,61.49593495934959
515,C3pzgcA3Uk0.jpg,140.84552845528455,115.0569105691057
516,C5Bae2RCCJ0.jpg,143.82113821138213,122.0
517,C5Oj0jCdoBo.jpg,145.8048780487805,99.1869918699187
518,C5xOWA6WEG0.jpg,125.96747967479676,86.29268292682926
519,C6An4bkYACg.jpg,113.07317073170732,97.20325203252033
520,C6VuGcWjQHc.jpg,120.01626016260164,107.12195121951218
521,C8e9e9Z2BCs.jpg,123.98373983739836,60.5040650406504
522,C8FiSfPh8IA.jpg,136.87804878048783,124.97560975609757
523,C9IeQMrDm24.jpg,135.8861788617886,122.0
524,C9xHcya-R6M.jpg,132.91056910569105,122.99186991869918
525,C91Xni-QsnM.jpg,114.06504065040652,145.8048780487805
526,_C2H7B-2JWg.jpg,121.0081300813008,136.87804878048783
527,_C3xxNBMwvI.jpg,142.8292682926829,121.0081300813008
528,Ca2fFQomOEM.jpg,138.86178861788616,99.1869918699187
529,c_AavN5R6YU.jpg,128.9430894308943,131.91869918699186
530,CACQDEJknBs.jpg,119.02439024390243,105.13821138211382
531,CAhHSOU8xWI.jpg,122.0,181.5121951219512
532,caKJkQm26T0.jpg,164.65040650406505,101.17073170731706
533,CAL8LqubHro.jpg,65.46341463414635,106.130081300813
534,CApkiAlDSdo.jpg,110.09756097560977,77.36585365853658
535,cApNugbwhIs.jpg,124.97560975609757,132.91056910569105
536,CapqzCpuKQ0.jpg,112.08130081300814,132.91056910569105
537,cAQazM7xh1U.jpg,128.9430894308943,132.91056910569105
538,CaR0iiongDA.jpg,121.0081300813008,83.31707317073173
539,CatpolIjez8.jpg,128.9430894308943,116.04878048780489
540,cAuGFpM2BUA.jpg,95.21951219512195,107.12195121951218
541,cAvucQP-YcY.jpg,119.02439024390243,84.3089430894309
542,CAYBzf-nQL4.jpg,120.01626016260164,107.12195121951218
543,cBdAgq9N-Y8.jpg,124.97560975609757,133.90243902439025
544,cBDbj1LF3Qs.jpg,118.03252032520325,103.15447154471545
545,CBgeH8kWoAI.jpg,121.0081300813008,113.07317073170732
546,cBhF0ZpMt_M.jpg,94.22764227642276,122.99186991869918
547,CbkqfOupzcI.jpg,127.9512195121951,98.19512195121952
548,CbO4HO6IkcU.jpg,104.14634146341463,149.77235772357722
549,_CBSpXHo3Ag.jpg,123.98373983739836,156.71544715447155
550,cBTfJpbnxQI.jpg,130.9268292682927,160.6829268292683
551,cBUt6EeWf3I.jpg,118.03252032520325,119.02439024390243
552,cbuWlxiYDO4.jpg,120.01626016260164,119.02439024390243
553,CbUWu5U7_Fk.jpg,118.03252032520325,126.95934959349594
554,CBWrgF1cSuk.jpg,123.98373983739836,142.8292682926829
555,cBYOgEBN9BY.jpg,124.97560975609757,105.13821138211382
556,CbZOGbazDWQ.jpg,119.02439024390243,121.0081300813008
557,cCAhpNF6-kU.jpg,125.96747967479676,112.08130081300814
558,ccc0jP861H0.jpg,105.13821138211382,121.0081300813008
559,CCLy_uElfcE.jpg,122.0,122.0
560,Cc-P8USrIn4.jpg,128.9430894308943,122.0
561,cCthPLHmrzI.jpg,117.04065040650407,85.30081300813009
562,CCy2UFLO1Mg.jpg,109.10569105691054,104.14634146341463
563,c-cYqnFfeSs.jpg,126.95934959349594,121.0081300813008
564,cd3Uxp19moo.jpg,121.0081300813008,124.97560975609757
565,cd05Lc5N7tE.jpg,122.0,97.20325203252033
566,c_d3jgvwonk.jpg,125.96747967479676,135.8861788617886
567,cD1Qw9Rcwl4.jpg,171.59349593495935,171.59349593495935
568,Cd2QnIKU6dk.jpg,131.91869918699186,149.77235772357722
569,CD-5TTTAbLU.jpg,112.08130081300814,107.12195121951218
570,CdbNtePkCSE.jpg,144.8130081300813,110.09756097560977
571,CdBPMI26KDo.jpg,117.04065040650407,122.0
572,CDE5bKVxVaQ.jpg,125.96747967479676,117.04065040650407
573,CDEzcrsXMyw.jpg,124.97560975609757,126.95934959349594
574,CDk07jpzDus.jpg,110.09756097560977,70.42276422764228
575,C_-DQF-x-N0.jpg,122.0,122.0
576,CDtOgG8STBg.jpg,122.99186991869918,124.97560975609757
577,-cdWgzDnCCI.jpg,119.02439024390243,103.15447154471545
578,cdZh5dQ-muE.jpg,129.9349593495935,117.04065040650407
579,Cee6-HjqSEM.jpg,112.08130081300814,89.26829268292683
580,CEgQkbA-QgU.jpg,160.6829268292683,154.73170731707316
581,ceITO2rlDgc.jpg,102.16260162601625,118.03252032520325
582,CePY8WkO9HU.jpg,121.0081300813008,127.9512195121951
583,cewnC88UxUQ.jpg,132.91056910569105,116.04878048780489
584,ceyNDNQT7z8.jpg,151.7560975609756,128.9430894308943
585,cF6gNl0EE-E.jpg,123.98373983739836,114.06504065040652
586,CF4c2GAker4.jpg,151.7560975609756,121.0081300813008
587,CFaOg5f6vXQ.jpg,106.130081300813,108.11382113821139
588,cFbNlpRZKi0.jpg,126.95934959349594,119.02439024390243
589,cFgCc3PM-A0.jpg,116.04878048780489,83.31707317073173
590,C_Fr8yUq5yY.jpg,76.3739837398374,147.78861788617886
591,cfR-V1QuEKw.jpg,123.98373983739836,120.01626016260164
592,cFtVK-xnMC0.jpg,129.9349593495935,154.73170731707316
593,CFvqcuMhW5s.jpg,159.6910569105691,123.98373983739836
594,CFZrIuCllGE.jpg,163.65853658536588,125.96747967479676
595,cg3vVdY04gA.jpg,135.8861788617886,97.20325203252033
596,cg9CblfDP4g.jpg,122.99186991869918,155.72357723577235
597,Cg3SuiRip5k.jpg,124.97560975609757,127.9512195121951
598,CG1WELHqPrY.jpg,127.9512195121951,133.90243902439025
599,CgOaFB56Vyw.jpg,100.1788617886179,131.91869918699186
600,cGPWB7UxiBo.jpg,114.06504065040652,83.31707317073173
601,cGUbzDqLCyg.jpg,128.9430894308943,139.85365853658536
602,cH5jDvYXwBo.jpg,105.13821138211382,126.95934959349594
603,cH5nLGooui4.jpg,126.95934959349594,106.130081300813
604,Ch80_uerOEQ.jpg,167.6260162601626,120.01626016260164
605,CHanWRzpWeg.jpg,121.0081300813008,83.31707317073173
606,chb2Q85RyOg.jpg,145.8048780487805,119.02439024390243
607,chbXE4o0ryU.jpg,113.07317073170732,102.16260162601625
608,CHca94NvWDE.jpg,133.90243902439025,162.66666666666666
609,chLi1_pz0Yg.jpg,130.9268292682927,125.96747967479676
610,C_Hmfumev1w.jpg,120.01626016260164,124.97560975609757
611,cHMPGlV-78c.jpg,106.130081300813,84.3089430894309
612,cHP9WBFKm9o.jpg,135.8861788617886,85.30081300813009
613,cHqzh_McpYg.jpg,118.03252032520325,112.08130081300814
614,cHseFTbvv_k.jpg,122.0,113.07317073170732
615,cHsOM2dvqyY.jpg,112.08130081300814,162.66666666666666
616,ChSvFCbU4pY.jpg,139.85365853658536,112.08130081300814
617,cHuKZSqvKgo.jpg,144.8130081300813,142.8292682926829
618,cI5qHkT-LmM.jpg,133.90243902439025,118.03252032520325
619,ciahwyO2Y38.jpg,130.9268292682927,183.4959349593496
620,CigdMe3Wn3k.jpg,82.32520325203252,144.8130081300813
621,ciGdq28feDA.jpg,119.02439024390243,111.08943089430892
622,CIjUQRXCA34.jpg,129.9349593495935,111.08943089430892
623,ci-Lit-OEnY.jpg,126.95934959349594,94.22764227642276
624,ciMdTo06QuE.jpg,120.01626016260164,107.12195121951218
625,CiNqDvXXrj0.jpg,122.99186991869918,87.28455284552847
626,cIOxQvbLWfw.jpg,149.77235772357722,136.87804878048783
627,cj4XksqA3lc.jpg,116.04878048780489,123.98373983739836
628,cJC2NmbkvHM.jpg,119.02439024390243,81.33333333333333
629,CjcqO587KRI.jpg,122.0,119.02439024390243
630,CjI0sUPPK3M.jpg,119.02439024390243,133.90243902439025
631,cjN-bnlHxHA.jpg,85.30081300813009,81.33333333333333
632,CJrVRKv99SE.jpg,90.26016260162602,110.09756097560977
633,CJt2bK6SEs8.jpg,119.02439024390243,165.6422764227642
634,CjU_8O7fFz8.jpg,141.83739837398375,107.12195121951218
635,CjxbUA36nXA.jpg,133.90243902439025,118.03252032520325
636,CK3j0e9oV18.jpg,185.47967479674796,144.8130081300813
637,CkCafqoOlPg.jpg,91.25203252032522,86.29268292682926
638,cKiZU7mARIA.jpg,122.99186991869918,80.34146341463415
639,-CKL7Ohzh7E.jpg,117.04065040650407,97.20325203252033
640,CK_NbNhyTHo.jpg,107.12195121951218,121.0081300813008
641,ckT1cixLmvQ.jpg,88.27642276422765,103.15447154471545
642,CkwM5Mrnd8U.jpg,89.26829268292683,130.9268292682927
643,Cl9HwUKS48I.jpg,123.98373983739836,107.12195121951218
644,CL2njJe23H0.jpg,85.30081300813009,128.9430894308943
645,clKgdzM7X58.jpg,204.3252032520325,142.8292682926829
646,cLPrRH4TOe8.jpg,123.98373983739836,167.6260162601626
647,cLRvJPVw69U.jpg,110.09756097560977,121.0081300813008
648,Clwh1mksdAM.jpg,157.70731707317074,95.21951219512195
649,cLwQssZtPQA.jpg,144.8130081300813,74.39024390243902
650,CLxoWvTtN_k.jpg,136.87804878048783,111.08943089430892
651,cm0C-xPERsU.jpg,116.04878048780489,129.9349593495935
652,Cm6_D-A8JO8.jpg,140.84552845528455,125.96747967479676
653,CM1oVEUzsNM.jpg,121.0081300813008,105.13821138211382
654,cmcmCWUq_Kg.jpg,175.5609756097561,62.487804878048784
655,cmlaz0dTM7I.jpg,161.6747967479675,143.82113821138213
656,Cmmi8bWE_lM.jpg,110.09756097560977,148.78048780487805
657,cmmIPZVkjh0.jpg,123.98373983739836,94.22764227642276
658,CmRp_0MG8f0.jpg,178.53658536585365,73.39837398373984
659,cmS1T6fN4Y8.jpg,157.70731707317074,155.72357723577235
660,CmTi971Mbss.jpg,124.97560975609757,103.15447154471545
661,CmtpDlnYfas.jpg,147.78861788617886,120.01626016260164
662,cmyDyDa6Wfk.jpg,117.04065040650407,79.34959349593495
663,cnBQdL559mY.jpg,113.07317073170732,99.1869918699187
664,CncOSlhYvW0.jpg,126.95934959349594,136.87804878048783
665,C-nEhSBC5tA.jpg,89.26829268292683,99.1869918699187
666,CnM0MvUYsw4.jpg,154.73170731707316,94.22764227642276
667,CNMZqMmSjbc.jpg,118.03252032520325,146.7967479674797
668,cnO9IQzhUbI.jpg,118.03252032520325,85.30081300813009
669,CnozRcIMAlU.jpg,120.01626016260164,159.6910569105691
670,cNuCegOYvOA.jpg,122.0,187.46341463414635
671,cNxjMydT9eI.jpg,72.40650406504065,67.44715447154472
672,cNY_0C2U46c.jpg,127.9512195121951,93.23577235772359
673,cnyE0EnkrTg.jpg,197.3821138211382,78.35772357723577
674,cO3d0X8ScoQ.jpg,146.7967479674797,99.1869918699187
675,Co1ItSyXvq8.jpg,115.0569105691057,162.66666666666666
676,cOf4lxKR4uU.jpg,153.739837398374,68.43902439024392
677,cOfdOE9T37s.jpg,125.96747967479676,102.16260162601625
678,CoNkFbYZzBI.jpg,123.98373983739836,139.85365853658536
679,C-oou0-Bu64.jpg,171.59349593495935,177.5447154471545
680,CORe99AuCIc.jpg,213.2520325203252,154.73170731707316
681,CoUrfmbQc8Q.jpg,78.35772357723577,93.23577235772359
682,Cp5H4ssQszo.jpg,123.98373983739836,105.13821138211382
683,CP2oKR8GNkQ.jpg,121.0081300813008,87.28455284552847
684,cpCZqA1OTQk.jpg,120.01626016260164,96.21138211382113
685,CPFYZSvAzc8.jpg,138.86178861788616,122.99186991869918
686,CPT_-dj5AJU.jpg,165.6422764227642,46.617886178861795
687,cpxlLSN8NcA.jpg,94.22764227642276,89.26829268292683
688,cPyHO3eDlsE.jpg,132.91056910569105,97.20325203252033
689,CQEliDTB3Sg.jpg,118.03252032520325,56.53658536585366
690,cqKG2s6WP6s.jpg,151.7560975609756,152.7479674796748
691,CQl3Y5bV6FA.jpg,120.01626016260164,108.11382113821139
692,cQPUosG9dQE.jpg,139.85365853658536,69.43089430894308
693,cqUMTyd-M9M.jpg,112.08130081300814,67.44715447154472
694,cQvo-8yW-zI.jpg,147.78861788617886,92.2439024390244
695,C_qwHIx6uBw.jpg,115.0569105691057,114.06504065040652
696,cQY5cJ3R46s.jpg,148.78048780487805,144.8130081300813
697,CQYSg3Hmwrs.jpg,121.0081300813008,122.99186991869918
698,C_riIEq7c94.jpg,125.96747967479676,182.5040650406504
699,crIXKhUDpBI.jpg,124.97560975609757,101.17073170731706
700,cRK5zOhFVBk.jpg,115.0569105691057,108.11382113821139
701,CrMVbCX3c4c.jpg,122.0,111.08943089430892
702,cRn7OCoyUnQ.jpg,70.42276422764228,109.10569105691054
703,cRPz6-ryzSg.jpg,76.3739837398374,89.26829268292683
704,cRqHwyVb9ts.jpg,140.84552845528455,161.6747967479675
705,Crw5VTJRdhQ.jpg,125.96747967479676,112.08130081300814
706,CR-WoxtBJx0.jpg,159.6910569105691,110.09756097560977
707,cs7Qw-UxWac.jpg,142.8292682926829,132.91056910569105
708,Cs7AyxBKawQ.jpg,109.10569105691054,100.1788617886179
709,C_S08WjVKME.jpg,116.04878048780489,125.96747967479676
710,CsbjgzTH-nI.jpg,113.07317073170732,133.90243902439025
711,CSdcvzCoziM.jpg,125.96747967479676,131.91869918699186
712,cSe3oKQ03OQ.jpg,128.9430894308943,148.78048780487805
713,CSfnZ1zaV50.jpg,86.29268292682926,92.2439024390244
714,CSGd1ZwQiqI.jpg,114.06504065040652,129.9349593495935
715,cSHyy2Ks4x4.jpg,122.0,148.78048780487805
716,CsIIlvmP1tI.jpg,106.130081300813,138.86178861788616
717,cSOhm0_If3A.jpg,149.77235772357722,142.8292682926829
718,CsP9SwLpe_Y.jpg,129.9349593495935,132.91056910569105
719,cSQw4uqF_Hc.jpg,79.34959349593495,83.31707317073173
720,csRCk7vJhmM.jpg,112.08130081300814,96.21138211382113
721,_CSr-_ZICSY.jpg,142.8292682926829,114.06504065040652
722,cssvEZacHvQ.jpg,125.96747967479676,99.1869918699187
723,cSWtkujlhNA.jpg,124.97560975609757,103.15447154471545
724,cTEFCekvecI.jpg,81.33333333333333,31.739837398373986
725,cTeQyMstoDI.jpg,92.2439024390244,140.84552845528455
726,CtESCAkBfBU.jpg,144.8130081300813,88.27642276422765
727,cthDc0hUM0o.jpg,194.40650406504065,108.11382113821139
728,CTnoBheROLo.jpg,124.97560975609757,124.97560975609757
729,CtNZVGWiFsY.jpg,125.96747967479676,145.8048780487805
730,CtqmTFkexSw.jpg,125.96747967479676,110.09756097560977
731,CTuzHNchLVU.jpg,133.90243902439025,92.2439024390244
732,cT-VXwHbmlM.jpg,189.4471544715447,82.32520325203252
733,ctWw2S9VqOI.jpg,129.9349593495935,108.11382113821139
734,cTXNMCJE9m4.jpg,92.2439024390244,99.1869918699187
735,cUAm6kqdT6w.jpg,120.01626016260164,102.16260162601625
736,cuaxqIA_pk0.jpg,122.0,93.23577235772359
737,cuddQwqncLc.jpg,100.1788617886179,126.95934959349594
738,CUDiUUvq3L4.jpg,125.96747967479676,110.09756097560977
739,cUhssb9roaU.jpg,130.9268292682927,121.0081300813008
740,cuIwZaJAFS8.jpg,119.02439024390243,70.42276422764228
741,CuJnCzmWJ-A.jpg,140.84552845528455,128.9430894308943
742,CUmCByAhXyQ.jpg,139.85365853658536,101.17073170731706
743,cUNADszVGeg.jpg,116.04878048780489,146.7967479674797
744,CupKDzqvtlk.jpg,139.85365853658536,157.70731707317074
745,cUr8oSVN3NE.jpg,189.4471544715447,86.29268292682926
746,c-Ut6_fIY2g.jpg,147.78861788617886,105.13821138211382
747,cUUJQcwrvaM.jpg,121.0081300813008,140.84552845528455
748,cuY2PJXucG0.jpg,188.4552845528455,112.08130081300814
749,cUzEAzbYo_s.jpg,128.9430894308943,110.09756097560977
750,CuZub0D22u4.jpg,132.91056910569105,156.71544715447155
751,cv7dOD8tua4.jpg,98.19512195121952,51.577235772357724
752,CVasL0l5YA8.jpg,118.03252032520325,46.617886178861795
753,cVBz9q1T_9M.jpg,148.78048780487805,133.90243902439025
754,cvFoKZeOUJI.jpg,149.77235772357722,102.16260162601625
755,cvfv_hxr0-M.jpg,122.99186991869918,123.98373983739836
756,cVGIi-sEFyQ.jpg,121.0081300813008,104.14634146341463
757,C_vhc3D_lUk.jpg,85.30081300813009,127.9512195121951
758,_cvLDl5e7hE.jpg,138.86178861788616,101.17073170731706
759,cvPhmXbDgI4.jpg,148.78048780487805,105.13821138211382
760,cVsgco75YSM.jpg,161.6747967479675,84.3089430894309
761,cw6snjPwZfo.jpg,130.9268292682927,109.10569105691054
762,Cw8CREdi9T0.jpg,88.27642276422765,60.5040650406504
763,CW6J55DqTWU.jpg,121.0081300813008,130.9268292682927
764,CW84zI5DxtM.jpg,133.90243902439025,185.47967479674796
765,CW_B41pRRP4.jpg,123.98373983739836,119.02439024390243
766,CWct2mb7Qbw.jpg,206.3089430894309,144.8130081300813
767,CW-IsRUjvtk.jpg,133.90243902439025,54.55284552845527
768,cwJQ1cKHu_8.jpg,95.21951219512195,130.9268292682927
769,CwjX0miEPGc.jpg,124.97560975609757,150.76422764227644
770,cwL_DmFQTMI.jpg,100.1788617886179,52.56910569105691
771,cWQDPiVe5yo.jpg,133.90243902439025,105.13821138211382
772,c_WqJYeyOcE.jpg,149.77235772357722,64.47154471544717
773,CWUAen2vp-0.jpg,134.89430894308944,123.98373983739836
774,CwUb0LsQUgk.jpg,84.3089430894309,108.11382113821139
775,cwxXiiFnixg.jpg,137.869918699187,112.08130081300814
776,CX6-_wXxOsY.jpg,139.85365853658536,114.06504065040652
777,cxK8AoqYO60.jpg,95.21951219512195,123.98373983739836
778,Cxsmnmfxjxc.jpg,161.6747967479675,123.98373983739836
779,cXV0Si_tbbU.jpg,122.0,143.82113821138213
780,cy-8MeH5_Hw.jpg,112.08130081300814,129.9349593495935
781,cYAWWdOZkfE.jpg,159.6910569105691,88.27642276422765
782,cyhQcX93uH4.jpg,123.98373983739836,119.02439024390243
783,cyksSpNxj5A.jpg,122.0,164.65040650406505
784,cyMDdXzFzSM.jpg,117.04065040650407,106.130081300813
785,cYq8T-hrGUU.jpg,71.41463414634146,130.9268292682927
786,CYVb5FaJzFk.jpg,120.01626016260164,100.1788617886179
787,cyyMuBsS1A4.jpg,138.86178861788616,104.14634146341463
788,cy_ZXXCWT9c.jpg,93.23577235772359,45.62601626016261
789,cYZY5slt8bU.jpg,106.130081300813,135.8861788617886
790,Cz1GV4Nc2Oc.jpg,128.9430894308943,97.20325203252033
791,cZBXwBHftl4.jpg,122.99186991869918,138.86178861788616
792,cZdbuhNM1Cc.jpg,149.77235772357722,124.97560975609757
793,czGBuGdu89s.jpg,124.97560975609757,155.72357723577235
794,CZGv0jXzLak.jpg,122.99186991869918,104.14634146341463
795,czVdvCYsnG4.jpg,129.9349593495935,109.10569105691054
796,czWGmZmIRxc.jpg,122.0,124.97560975609757
797,cZXqYNlEhY0.jpg,139.85365853658536,122.0
798,d0bEvAJyOpc.jpg,117.04065040650407,139.85365853658536
799,d1EaX3UWl9A.jpg,123.98373983739836,107.12195121951218
800,d1mFYMYePMk.jpg,130.9268292682927,86.29268292682926
801,d1nsI5luUFU.jpg,117.04065040650407,135.8861788617886
802,d2_eDIBhJIg.jpg,141.83739837398375,123.98373983739836
803,d2T2IFaWUzY.jpg,119.02439024390243,98.19512195121952
804,d2wuqguRzZ0.jpg,154.73170731707316,127.9512195121951
805,d5G3iwyxTys.jpg,195.39837398373982,128.9430894308943
806,d5_hjWQ4NwA.jpg,108.11382113821139,75.38211382113822
807,d5PNntTlt10.jpg,122.99186991869918,139.85365853658536
808,d5PYB17O9jE.jpg,96.21138211382113,94.22764227642276
809,d5TBzrddHMk.jpg,92.2439024390244,142.8292682926829
810,d5TTA78-FG0.jpg,131.91869918699186,76.3739837398374
811,d5ZcQU6bgUA.jpg,143.82113821138213,102.16260162601625
812,d06lt8UI7Ao.jpg,131.91869918699186,88.27642276422765
813,d7-7G139iJQ.jpg,122.0,123.98373983739836
814,d7DPgyoE1S8.jpg,132.91056910569105,130.9268292682927
815,d7s54Z0gKYQ.jpg,122.0,62.487804878048784
816,d7ZP2soDKHY.jpg,138.86178861788616,119.02439024390243
817,d8LBoKmavIk.jpg,135.8861788617886,111.08943089430892
818,d8m_1c3MAdI.jpg,141.83739837398375,90.26016260162602
819,d8nGnF1IqCk.jpg,126.95934959349594,115.0569105691057
820,d8uR-7ELKgI.jpg,123.98373983739836,53.56097560975609
821,d9wuC3RcGh0.jpg,156.71544715447155,119.02439024390243
822,d09xF10vMgw.jpg,69.43089430894308,106.130081300813
823,_d8W23F1-O0.jpg,85.30081300813009,100.1788617886179
824,D1kyroHEwBM.jpg,105.13821138211382,101.17073170731706
825,D1O40Gujfqg.jpg,153.739837398374,116.04878048780489
826,D2gwGrQhZQU.jpg,143.82113821138213,117.04065040650407
827,D2nNU7CBkeI.jpg,71.41463414634146,113.07317073170732
828,D2_S61_ECWw.jpg,121.0081300813008,120.01626016260164
829,D3fLgDc9uOQ.jpg,108.11382113821139,117.04065040650407
830,D3nec3JI0Ek.jpg,121.0081300813008,131.91869918699186
831,D3r5CCPaG3g.jpg,116.04878048780489,120.01626016260164
832,D4KNb7JCbWs.jpg,121.0081300813008,105.13821138211382
833,D4Qbhf_Dthg.jpg,142.8292682926829,58.52032520325203
834,D5fHK2gf5do.jpg,143.82113821138213,94.22764227642276
835,D5n3TdyVH8I.jpg,140.84552845528455,144.8130081300813
836,D5NmSl8IQig.jpg,160.6829268292683,156.71544715447155
837,D5TmUdYwi3Q.jpg,182.5040650406504,124.97560975609757
838,D6JQyF4G4Ds.jpg,104.14634146341463,161.6747967479675
839,D7AB6RNJF_o.jpg,208.29268292682926,119.02439024390243
840,D8oN3jRgPzc.jpg,164.65040650406505,128.9430894308943
841,D8yBPa9ebmA.jpg,138.86178861788616,118.03252032520325
842,D9AndXLg44E.jpg,161.6747967479675,108.11382113821139
843,D9gKmhEavyU.jpg,162.66666666666666,78.35772357723577
844,D9O293Ip1M8.jpg,196.39024390243904,61.49593495934959
845,D62hQefhteg.jpg,156.71544715447155,97.20325203252033
846,D75zbV9FeFM.jpg,146.7967479674797,128.9430894308943
847,D_2dyzYEPkY.jpg,120.01626016260164,119.02439024390243
848,D_21wwxmOfo.jpg,102.16260162601625,111.08943089430892
849,daAg9FipEhw.jpg,52.56910569105691,85.30081300813009
850,daevrPHoYRg.jpg,108.11382113821139,122.0
851,DAnwLsKzXjA.jpg,153.739837398374,74.39024390243902
852,db1r-AjW6YM.jpg,123.98373983739836,122.99186991869918
853,dB0NXVpvgTo.jpg,122.0,143.82113821138213
854,dB88CAJquTg.jpg,128.9430894308943,123.98373983739836
855,Db3kWhNzGiY.jpg,129.9349593495935,82.32520325203252
856,dbdMjkC37yE.jpg,105.13821138211382,118.03252032520325
857,dBkArT7zY78.jpg,122.0,69.43089430894308
858,dB_Lbh-4NoE.jpg,78.35772357723577,91.25203252032522
859,dBmOTBJfiRA.jpg,106.130081300813,114.06504065040652
860,dbORTH6dYfU.jpg,136.87804878048783,85.30081300813009
861,DbTK5qgxo9U.jpg,149.77235772357722,114.06504065040652
862,dc8fMC9haYc.jpg,132.91056910569105,159.6910569105691
863,Dc3YQuyr2pU.jpg,161.6747967479675,147.78861788617886
864,DCAERnaj31U.jpg,119.02439024390243,122.99186991869918
865,DCelW4ytxfM.jpg,128.9430894308943,68.43902439024392
866,dCfagb2y28M.jpg,137.869918699187,92.2439024390244
867,DCfjzNIoDKg.jpg,159.6910569105691,116.04878048780489
868,DChIdoYBatw.jpg,102.16260162601625,119.02439024390243
869,DcJKdbEMpfE.jpg,98.19512195121952,112.08130081300814
870,DCPS237aJIs.jpg,104.14634146341463,76.3739837398374
871,DCSZbabZb3U.jpg,106.130081300813,95.21951219512195
872,dCx0MyCOTY4.jpg,122.99186991869918,102.16260162601625
873,dCygCggFfrY.jpg,145.8048780487805,123.98373983739836
874,dd2RtViW6fE.jpg,133.90243902439025,109.10569105691054
875,dd7pIdRmuGY.jpg,142.8292682926829,134.89430894308944
876,dD43WjBAB1o.jpg,116.04878048780489,140.84552845528455
877,D_d1WWQLBV0.jpg,135.8861788617886,123.98373983739836
878,DdBqFig0XJE.jpg,124.97560975609757,85.30081300813009
879,DdBs-0CGr7c.jpg,121.0081300813008,98.19512195121952
880,DDDprixAHEI.jpg,69.43089430894308,104.14634146341463
881,Ddl98e8QSgk.jpg,135.8861788617886,118.03252032520325
882,DdOORDL7oIc.jpg,121.0081300813008,78.35772357723577
883,De6fIX5wsqE.jpg,127.9512195121951,141.83739837398375
884,DE8aLsTJV_s.jpg,133.90243902439025,102.16260162601625
885,DE9YwfVgu2s.jpg,137.869918699187,82.32520325203252
886,dEepAJ_86dM.jpg,80.34146341463415,136.87804878048783
887,DEhVUno3PrY.jpg,150.76422764227644,113.07317073170732
888,dF3UUgTdGGw.jpg,131.91869918699186,103.15447154471545
889,Df0fD6hWyro.jpg,124.97560975609757,94.22764227642276
890,dFA5XycbhoQ.jpg,122.99186991869918,122.99186991869918
891,dfBgZCUp1o4.jpg,142.8292682926829,157.70731707317074
892,dFBK4wQU7d0.jpg,107.12195121951218,113.07317073170732
893,DfFQ7XHKXqY.jpg,124.97560975609757,129.9349593495935
894,dFgtAO0qBVk.jpg,122.99186991869918,90.26016260162602
895,dfJfWxcJyL0.jpg,95.21951219512195,113.07317073170732
896,DFnbkd_uvuc.jpg,123.98373983739836,141.83739837398375
897,_dFsA2pMKrs.jpg,140.84552845528455,135.8861788617886
898,dftkVVKj4NM.jpg,127.9512195121951,106.130081300813
899,dg0E7wf7B5E.jpg,133.90243902439025,140.84552845528455
900,DgEA7saT8FQ.jpg,174.5691056910569,140.84552845528455
901,D_gGEQyfcNo.jpg,132.91056910569105,153.739837398374
902,dGIokso_9q8.jpg,121.0081300813008,101.17073170731706
903,DgRbZSWej-o.jpg,126.95934959349594,119.02439024390243
904,DGyVvAJNyPE.jpg,144.8130081300813,103.15447154471545
905,DHh3hIVh1GI.jpg,76.3739837398374,127.9512195121951
906,dHjsE2sEiDw.jpg,175.5609756097561,135.8861788617886
907,dhOaokGswrw.jpg,113.07317073170732,110.09756097560977
908,D_HqAz_A4T4.jpg,103.15447154471545,110.09756097560977
909,d_hXU0Y8EqU.jpg,123.98373983739836,134.89430894308944
910,DICEPtYOr1M.jpg,125.96747967479676,90.26016260162602
911,diDwi---5lo.jpg,109.10569105691054,127.9512195121951
912,diiIPzNM0FY.jpg,120.01626016260164,53.56097560975609
913,diSqBRqNpHU.jpg,159.6910569105691,147.78861788617886
914,dJCmQY4CyVs.jpg,125.96747967479676,112.08130081300814
915,DjLIn5mSptw.jpg,119.02439024390243,143.82113821138213
916,DJuEc_jgTf4.jpg,109.10569105691054,141.83739837398375
917,djV34LaV0OQ.jpg,134.89430894308944,85.30081300813009
918,dJvNfflm7Mw.jpg,104.14634146341463,126.95934959349594
919,dJVU4jXV1Q8.jpg,186.47154471544718,99.1869918699187
920,Dj-zdwmP92k.jpg,131.91869918699186,113.07317073170732
921,dK1GqPUQrO8.jpg,117.04065040650407,69.43089430894308
922,DK9FVDXD2cg.jpg,122.99186991869918,110.09756097560977
923,dKH-4ml-5I4.jpg,140.84552845528455,167.6260162601626
924,DKrinqB5axI.jpg,130.9268292682927,113.07317073170732
925,Dksk8szLRN0.jpg,113.07317073170732,131.91869918699186
926,dKUMqzvv-Ng.jpg,113.07317073170732,139.85365853658536
927,dKxY8ywc_0c.jpg,117.04065040650407,122.99186991869918
928,DlBDTpQ-cf4.jpg,121.0081300813008,144.8130081300813
929,DLbl_iP00XA.jpg,119.02439024390243,120.01626016260164
930,dld1xhMdpos.jpg,116.04878048780489,126.95934959349594
931,dLgh-IdELuM.jpg,120.01626016260164,106.130081300813
932,DlpndKgJ8HQ.jpg,82.32520325203252,94.22764227642276
933,DlUqgGvnRQM.jpg,85.30081300813009,121.0081300813008
934,dLVV1FyJLdk.jpg,153.739837398374,163.65853658536588
935,DLwUVlzrP0Q.jpg,158.6991869918699,122.0
936,DLX3PWsDPRM.jpg,143.82113821138213,85.30081300813009
937,dLZHvop9Mmo.jpg,122.0,102.16260162601625
938,dm7M67VaEBc.jpg,173.57723577235774,96.21138211382113
939,dM2P_QLwISk.jpg,123.98373983739836,136.87804878048783
940,Dm4r62CyHbg.jpg,123.98373983739836,91.25203252032522
941,DM8uHVut4Ig.jpg,105.13821138211382,146.7967479674797
942,dMakhkE1poE.jpg,124.97560975609757,182.5040650406504
943,DMcBPeVJmtQ.jpg,102.16260162601625,83.31707317073173
944,DmgwxkcdFCM.jpg,124.97560975609757,106.130081300813
945,DmjsBtfqywM.jpg,151.7560975609756,122.0
946,DMNG9O2H28k.jpg,177.5447154471545,149.77235772357722
947,-dMO9Dm-gkU.jpg,122.99186991869918,96.21138211382113
948,dmPlSznVjsQ.jpg,137.869918699187,164.65040650406505
949,dmq143g6BQk.jpg,99.1869918699187,93.23577235772359
950,DM_QhS1VVqY.jpg,118.03252032520325,168.6178861788618
951,dMQSSJvbkG4.jpg,53.56097560975609,142.8292682926829
952,DMTYChpZ3oo.jpg,124.97560975609757,108.11382113821139
953,DmuvkswNsb0.jpg,142.8292682926829,118.03252032520325
954,DMX0QrmxHeo.jpg,134.89430894308944,102.16260162601625
955,DNAGyqi8wTs.jpg,100.1788617886179,146.7967479674797
956,Dn-NBprVOUU.jpg,155.72357723577235,109.10569105691054
957,DNNQU7Igfwk.jpg,97.20325203252033,115.0569105691057
958,dnrRs8SXUc0.jpg,155.72357723577235,109.10569105691054
959,dNTP0BZPlQk.jpg,155.72357723577235,108.11382113821139
960,dNXWvF33cK8.jpg,99.1869918699187,113.07317073170732
961,DNZogKAw684.jpg,124.97560975609757,154.73170731707316
962,dNZRb3r2Yi0.jpg,147.78861788617886,96.21138211382113
963,DoebqICAlMc.jpg,87.28455284552847,134.89430894308944
964,DoMfuJkUuU0.jpg,146.7967479674797,124.97560975609757
965,dONpUNwqjBI.jpg,121.0081300813008,140.84552845528455
966,dOnQYAFiwtA.jpg,81.33333333333333,113.07317073170732
967,doPBjGyNPWY.jpg,124.97560975609757,137.869918699187
968,d-oQ-JvPhR4.jpg,154.73170731707316,175.5609756097561
969,DORi0W_afqk.jpg,119.02439024390243,122.0
970,DoZcHV5t9Bw.jpg,53.56097560975609,179.52845528455282
971,dp1xHhVu2bg.jpg,110.09756097560977,118.03252032520325
972,dp2m5glF2Y4.jpg,165.6422764227642,67.44715447154472
973,dP9U-tIfU3M.jpg,94.22764227642276,113.07317073170732
974,DPcAr4iovHk.jpg,152.7479674796748,97.20325203252033
975,DpgSywYaIVk.jpg,137.869918699187,110.09756097560977
976,DPiWUyqyUNE.jpg,74.39024390243902,115.0569105691057
977,dPnheC5ObaM.jpg,123.98373983739836,60.5040650406504
978,dpQqhZRyF7w.jpg,100.1788617886179,114.06504065040652
979,_dPTJhpwcgg.jpg,122.0,92.2439024390244
980,DpVcFpQr1dA.jpg,151.7560975609756,62.487804878048784
981,dPziG30lYZ4.jpg,165.6422764227642,123.98373983739836
982,dq93aNzsrH0.jpg,120.01626016260164,107.12195121951218
983,d_qAeReozXY.jpg,125.96747967479676,159.6910569105691
984,dqcAlGZb4KM.jpg,84.3089430894309,147.78861788617886
985,DqfBkWSJFcg.jpg,92.2439024390244,94.22764227642276
986,dq_fOXxlt84.jpg,124.97560975609757,127.9512195121951
987,dQhOK_r9gGw.jpg,84.3089430894309,134.89430894308944
988,dQhQ_oQnXIg.jpg,129.9349593495935,116.04878048780489
989,dqi31u8UoeM.jpg,156.71544715447155,108.11382113821139
990,dQkTV377Hjg.jpg,203.33333333333334,107.12195121951218
991,DQNs-72u860.jpg,102.16260162601625,140.84552845528455
992,DQoUZ85LnZY.jpg,161.6747967479675,94.22764227642276
993,dQwyDMk2vgk.jpg,76.3739837398374,146.7967479674797
994,DQX6Y3WRz8A.jpg,159.6910569105691,132.91056910569105
995,DR7l0jeVrZo.jpg,191.4308943089431,142.8292682926829
996,dRbtGYcRaao.jpg,124.97560975609757,93.23577235772359
997,DRf_4EMERXo.jpg,127.9512195121951,104.14634146341463
998,dRGLpObu6XM.jpg,118.03252032520325,120.01626016260164
999,DRT02CURWE8.jpg,114.06504065040652,114.06504065040652
1000,ds7DVwunWZE.jpg,126.95934959349594,127.9512195121951
1001,d-S5l_ujXLc.jpg,105.13821138211382,63.47967479674797
1002,dsa5FDWdDu8.jpg,145.8048780487805,113.07317073170732
1003,dSB_QwlCpRs.jpg,60.5040650406504,116.04878048780489
1004,DSGP650z8rM.jpg,122.99186991869918,85.30081300813009
1005,dSH833s7hTs.jpg,119.02439024390243,87.28455284552847
1006,DsNrm25URHE.jpg,125.96747967479676,183.4959349593496
1007,DsOV070-Dcc.jpg,134.89430894308944,117.04065040650407
1008,DSrIOQZARW0.jpg,109.10569105691054,153.739837398374
1009,DSwBHyWKiVw.jpg,192.42276422764226,76.3739837398374
1010,dSZQC7vVf5M.jpg,122.99186991869918,132.91056910569105
1011,dtfyRuKG7UY.jpg,132.91056910569105,104.14634146341463
1012,DtHchyQtyZ8.jpg,94.22764227642276,117.04065040650407
1013,dTk4P3F3o_M.jpg,126.95934959349594,133.90243902439025
1014,dtLvByNVgcE.jpg,110.09756097560977,125.96747967479676
1015,dtm33x7AYNs.jpg,126.95934959349594,96.21138211382113
1016,dtMeXoJeZP0.jpg,169.60975609756096,109.10569105691054
1017,DtM_-KOTUVo.jpg,155.72357723577235,116.04878048780489
1018,dtoEr1utUas.jpg,106.130081300813,108.11382113821139
1019,DTsF8CoFZh4.jpg,95.21951219512195,114.06504065040652
1020,dtSmhMpO_CM.jpg,117.04065040650407,105.13821138211382
1021,DTvzW2sl9eE.jpg,111.08943089430892,116.04878048780489
1022,dtWq8WU2zxU.jpg,124.97560975609757,84.3089430894309
1023,dT-x4wrtdnM.jpg,105.13821138211382,127.9512195121951
1024,dU5KI3Iap2g.jpg,121.0081300813008,141.83739837398375
1025,dua2Zf0UKZo.jpg,179.52845528455282,108.11382113821139
1026,DuEwX4rAYBw.jpg,126.95934959349594,124.97560975609757
1027,dull_SO_ZOM.jpg,159.6910569105691,122.0
1028,dUqaAYx7RaA.jpg,94.22764227642276,107.12195121951218
1029,duqHJKl0dBA.jpg,114.06504065040652,136.87804878048783
1030,dury9xCbgOs.jpg,137.869918699187,117.04065040650407
1031,DuuJjq4rORc.jpg,124.97560975609757,141.83739837398375
1032,dUv-3ZwO4ew.jpg,122.99186991869918,126.95934959349594
1033,Duv07nzBO9g.jpg,122.0,94.22764227642276
1034,DUxJSaANcWs.jpg,118.03252032520325,138.86178861788616
1035,Dv6BRmQCR8Q.jpg,112.08130081300814,144.8130081300813
1036,dvBHDyAN6ho.jpg,121.0081300813008,65.46341463414635
1037,DVFZn0GB6Jw.jpg,122.99186991869918,125.96747967479676
1038,DvjWMZ4viw8.jpg,94.22764227642276,67.44715447154472
1039,DvopK4gNs8A.jpg,123.98373983739836,86.29268292682926
1040,dvr12rSvKWY.jpg,111.08943089430892,106.130081300813
1041,dvrfSfS4qR4.jpg,122.0,94.22764227642276
1042,DvtEIhv0ZME.jpg,129.9349593495935,92.2439024390244
1043,DvubEFNz62U.jpg,167.6260162601626,136.87804878048783
1044,dW6SQObWwCE.jpg,78.35772357723577,111.08943089430892
1045,dWAZcKLLLFI.jpg,122.0,128.9430894308943
1046,DWCbM1b_PbY.jpg,123.98373983739836,62.487804878048784
1047,dWHeuGw0fBM.jpg,64.47154471544717,110.09756097560977
1048,DWK3aVEfYcY.jpg,122.99186991869918,92.2439024390244
1049,DWkWeFN-I9Y.jpg,122.0,106.130081300813
1050,dwOWes8ZPMU.jpg,147.78861788617886,122.99186991869918
1051,dwVToFjYJOo.jpg,121.0081300813008,138.86178861788616
1052,DWyN_uAIvvY.jpg,138.86178861788616,171.59349593495935
1053,DX4KN-8EANI.jpg,107.12195121951218,182.5040650406504
1054,DX29NiqWqgs.jpg,122.0,121.0081300813008
1055,dXbteDwOUG8.jpg,64.47154471544717,116.04878048780489
1056,dXdyFy6bXt8.jpg,140.84552845528455,68.43902439024392
1057,-DXFHUaGyOM.jpg,136.87804878048783,117.04065040650407
1058,DXLwxY37ckw.jpg,113.07317073170732,109.10569105691054
1059,dxnzWMU7Bf8.jpg,97.20325203252033,135.8861788617886
1060,dXqmB1GUq4c.jpg,170.60162601626018,143.82113821138213
1061,DxSls2bejLQ.jpg,122.0,122.0
1062,dXUZ4XQLBUE.jpg,126.95934959349594,143.82113821138213
1063,dxZHS55WnlM.jpg,119.02439024390243,77.36585365853658
1064,dy4QG5c5xWQ.jpg,126.95934959349594,109.10569105691054
1065,DY2uZGX9UmQ.jpg,121.0081300813008,125.96747967479676
1066,DYedICXlRzA.jpg,118.03252032520325,137.869918699187
1067,dYLlEVMfUbc.jpg,170.60162601626018,164.65040650406505
1068,DYLqbcSqh8k.jpg,122.0,99.1869918699187
1069,dYmZqPcd8xA.jpg,130.9268292682927,128.9430894308943
1070,DYNR-2MG_yQ.jpg,191.4308943089431,164.65040650406505
1071,DyqyfDagqtc.jpg,112.08130081300814,113.07317073170732
1072,DytX8CfMx6g.jpg,124.97560975609757,126.95934959349594
1073,Dz6HuHE2Ki0.jpg,120.01626016260164,127.9512195121951
1074,DZ6fV_ASe-Q.jpg,100.1788617886179,128.9430894308943
1075,dZB1erih0Js.jpg,96.21138211382113,52.56910569105691
1076,DzGCdUlNJTU.jpg,114.06504065040652,121.0081300813008
1077,DziZIYOGAHc.jpg,106.130081300813,88.27642276422765
1078,e0BNPHPJDjg.jpg,117.04065040650407,95.21951219512195
1079,e0p5x5zxk5A.jpg,124.97560975609757,99.1869918699187
1080,e2M48b0df8g.jpg,104.14634146341463,103.15447154471545
1081,e2uTOpgW5Ec.jpg,196.39024390243904,109.10569105691054
1082,e3irr6H7e5s.jpg,94.22764227642276,92.2439024390244
1083,e4veQcOqxpg.jpg,122.99186991869918,38.68292682926829
1084,e5AUV18QJwQ.jpg,135.8861788617886,129.9349593495935
1085,e5SLMOjckxo.jpg,116.04878048780489,121.0081300813008
1086,e5YZrZobbg8.jpg,96.21138211382113,128.9430894308943
1087,e6xd2HXuy0A.jpg,124.97560975609757,121.0081300813008
1088,e7-35H0fB70.jpg,125.96747967479676,142.8292682926829
1089,e7W6BYt6Pjg.jpg,122.99186991869918,123.98373983739836
1090,e7Z-emiIe2A.jpg,118.03252032520325,119.02439024390243
1091,e8e2kOfEzOo.jpg,103.15447154471545,130.9268292682927
1092,e8R5ATqC8-0.jpg,88.27642276422765,161.6747967479675
1093,e9a-F9zRbbM.jpg,91.25203252032522,125.96747967479676
1094,e09sDeV8Azs.jpg,97.20325203252033,114.06504065040652
1095,e9WHTFTQfKU.jpg,136.87804878048783,140.84552845528455
1096,e18GHG0uSjs.jpg,88.27642276422765,121.0081300813008
1097,e34QuJzoufc.jpg,128.9430894308943,129.9349593495935
1098,e66iCNlA3zw.jpg,116.04878048780489,107.12195121951218
1099,e85qV3NjrUw.jpg,121.0081300813008,112.08130081300814
1100,e686hqKXQsk.jpg,108.11382113821139,101.17073170731706
1101,-e6IulvQ31k.jpg,144.8130081300813,108.11382113821139
1102,--e3kJUMSZw.jpg,119.02439024390243,126.95934959349594
1103,E1nV1tuJGs0.jpg,90.26016260162602,127.9512195121951
1104,E1sBcYRkVfc.jpg,53.56097560975609,125.96747967479676
1105,E1wkuQSSNTM.jpg,122.99186991869918,145.8048780487805
1106,E2GXbvCJc58.jpg,116.04878048780489,101.17073170731706
1107,E2kFHkrozhA.jpg,138.86178861788616,134.89430894308944
1108,E2nrh-aTkC8.jpg,135.8861788617886,58.52032520325203
1109,E2SGMyG5vLw.jpg,119.02439024390243,169.60975609756096
1110,E3r0U6XLdSU.jpg,123.98373983739836,151.7560975609756
1111,E4GIc8Z9wLE.jpg,117.04065040650407,157.70731707317074
1112,E4-PK5Km3NY.jpg,122.0,107.12195121951218
1113,E4T0duYRMBc.jpg,71.41463414634146,122.0
1114,E5zjehlPyGA.jpg,107.12195121951218,92.2439024390244
1115,E7p54JSQXY0.jpg,121.0081300813008,134.89430894308944
1116,E7PlRr9ZfoM.jpg,121.0081300813008,111.08943089430892
1117,E7wX4dyeNLI.jpg,123.98373983739836,131.91869918699186
1118,E8M9WPOH0_g.jpg,104.14634146341463,109.10569105691054
1119,E8PBjD41WLA.jpg,122.0,142.8292682926829
1120,E9hVNb7wOY8.jpg,43.642276422764226,149.77235772357722
1121,E9rLbhnJoWk.jpg,120.01626016260164,135.8861788617886
1122,E25aPlvcqtU.jpg,116.04878048780489,128.9430894308943
1123,E38Gb_nVPck.jpg,125.96747967479676,95.21951219512195
1124,E303FUX7oNk.jpg,127.9512195121951,145.8048780487805
1125,E4944K_4SvI.jpg,82.32520325203252,125.96747967479676
1126,E_0ZmIjgM_Y.jpg,149.77235772357722,130.9268292682927
1127,E-9CFTftQh4.jpg,122.0,99.1869918699187
1128,ea1lxNLhywA.jpg,69.43089430894308,103.15447154471545
1129,ea-1v3Mp6o8.jpg,123.98373983739836,103.15447154471545
1130,eA1kezBkJw0.jpg,120.01626016260164,122.0
1131,eA32JIBsSu8.jpg,119.02439024390243,118.03252032520325
1132,Ea9mpGch9Wc.jpg,116.04878048780489,94.22764227642276
1133,ea-aWFTK8rc.jpg,117.04065040650407,53.56097560975609
1134,eAeADptbds4.jpg,119.02439024390243,127.9512195121951
1135,eaG50noWDZw.jpg,118.03252032520325,103.15447154471545
1136,EAH3N7R-Ngs.jpg,98.19512195121952,84.3089430894309
1137,EAM783R0Xlc.jpg,122.0,148.78048780487805
1138,eapeFF3mrCc.jpg,202.34146341463412,110.09756097560977
1139,EaQBeUG9c58.jpg,166.63414634146343,137.869918699187
1140,eAskFEq5DNE.jpg,175.5609756097561,138.86178861788616
1141,eaUNhCfSC1k.jpg,119.02439024390243,122.0
1142,eaxgNP4cpY8.jpg,139.85365853658536,183.4959349593496
1143,E-ayYCp2NLU.jpg,115.0569105691057,178.53658536585365
1144,eB3W74BLW30.jpg,102.16260162601625,150.76422764227644
1145,EB3p88GaSFw.jpg,130.9268292682927,101.17073170731706
1146,EB4I2zz16vo.jpg,116.04878048780489,147.78861788617886
1147,EB546E6QK9Q.jpg,128.9430894308943,143.82113821138213
1148,E-bEFCNPuvw.jpg,119.02439024390243,121.0081300813008
1149,EbLX7oRo4vI.jpg,120.01626016260164,117.04065040650407
1150,EBmi-zjiNaI.jpg,87.28455284552847,106.130081300813
1151,EBpKXScr9Jo.jpg,121.0081300813008,122.99186991869918
1152,ebtE5zDS0Ps.jpg,59.512195121951216,159.6910569105691
1153,eBu_C_UZgw4.jpg,97.20325203252033,114.06504065040652
1154,e-Bvu4S6sII.jpg,85.30081300813009,149.77235772357722
1155,EbWDDnbnBHU.jpg,113.07317073170732,113.07317073170732
1156,ec2SZSGPwJA.jpg,127.9512195121951,110.09756097560977
1157,Ec_2W2va7Gs.jpg,108.11382113821139,132.91056910569105
1158,eCfCIwtKdsg.jpg,116.04878048780489,108.11382113821139
1159,ECfXzVx-E5c.jpg,124.97560975609757,115.0569105691057
1160,eChtL5S-6vA.jpg,123.98373983739836,135.8861788617886
1161,EcJjhnfKZBA.jpg,125.96747967479676,141.83739837398375
1162,ECKktv7grHE.jpg,123.98373983739836,83.31707317073173
1163,EcsdAlwpmrw.jpg,118.03252032520325,100.1788617886179
1164,ecXENHoZohE.jpg,122.0,122.0
1165,Ecxi7m1nap4.jpg,115.0569105691057,126.95934959349594
1166,eD3gkNVlm94.jpg,118.03252032520325,77.36585365853658
1167,Ed2Fq0VXsCA.jpg,121.0081300813008,141.83739837398375
1168,edasjVOOk-g.jpg,115.0569105691057,139.85365853658536
1169,EdJZqsZpZYg.jpg,124.97560975609757,111.08943089430892
1170,eDkLDM2fqzY.jpg,120.01626016260164,114.06504065040652
1171,EDkxX7QqYOI.jpg,117.04065040650407,141.83739837398375
1172,Edod-s9I1lA.jpg,161.6747967479675,80.34146341463415
1173,EDre44wQyOw.jpg,191.4308943089431,105.13821138211382
1174,edRSZZn6Ico.jpg,119.02439024390243,123.98373983739836
1175,EDvECxZcu6Q.jpg,117.04065040650407,111.08943089430892
1176,EdWWd5E02ME.jpg,122.99186991869918,95.21951219512195
1177,edxZ6DsFr1M.jpg,110.09756097560977,71.41463414634146
1178,ee67VZ9Jijk.jpg,153.739837398374,98.19512195121952
1179,EE5ShMaCq7c.jpg,111.08943089430892,111.08943089430892
1180,eEkUby1xAjk.jpg,42.650406504065046,111.08943089430892
1181,eelpgSLWrqo.jpg,114.06504065040652,111.08943089430892
1182,eeUilYOScmE.jpg,86.29268292682926,123.98373983739836
1183,Efo365uEZho.jpg,122.0,92.2439024390244
1184,EfO9AbnFRl0.jpg,80.34146341463415,100.1788617886179
1185,EfssYCcpezY.jpg,164.65040650406505,112.08130081300814
1186,eFSuQR-AJNU.jpg,59.512195121951216,96.21138211382113
1187,efwGCPFdIcM.jpg,159.6910569105691,119.02439024390243
1188,eFY8p9odCjs.jpg,115.0569105691057,139.85365853658536
1189,EfZBmS4Nu3U.jpg,107.12195121951218,119.02439024390243
1190,Eg3iyelG2iQ.jpg,177.5447154471545,156.71544715447155
1191,EG0U9_VvER4.jpg,151.7560975609756,115.0569105691057
1192,EG9qfm3BHR4.jpg,190.4390243902439,100.1788617886179
1193,EGIfCNNatwk.jpg,65.46341463414635,161.6747967479675
1194,eg-tEg2DzeM.jpg,88.27642276422765,103.15447154471545
1195,EGX9zroV8xI.jpg,132.91056910569105,133.90243902439025
1196,eh25BL-KTNU.jpg,106.130081300813,134.89430894308944
1197,E_H-5Cyxjfc.jpg,114.06504065040652,114.06504065040652
1198,EhCQ3jbRZxw.jpg,163.65853658536588,108.11382113821139
1199,eh-k6Bl1v7c.jpg,145.8048780487805,150.76422764227644
1200,Ehpdiarw9pI.jpg,141.83739837398375,77.36585365853658
1201,e_HRcYwbXZ0.jpg,133.90243902439025,101.17073170731706
1202,EHuC7eL4Q1s.jpg,125.96747967479676,93.23577235772359
1203,EHxhvz64mIQ.jpg,122.99186991869918,66.45528455284553
1204,e-HyzfROGB4.jpg,132.91056910569105,93.23577235772359
1205,eIacfa4rDEE.jpg,124.97560975609757,106.130081300813
1206,eIB0N3v8Kk0.jpg,76.3739837398374,124.97560975609757
1207,eiFijLC5wDg.jpg,119.02439024390243,114.06504065040652
1208,eIitRxZm6_k.jpg,120.01626016260164,133.90243902439025
1209,EIQHo5XPSwM.jpg,106.130081300813,157.70731707317074
1210,EIWU2cRGQwg.jpg,112.08130081300814,114.06504065040652
1211,eiwVOa9zb10.jpg,122.99186991869918,139.85365853658536
1212,EJ8wV3reASw.jpg,151.7560975609756,116.04878048780489
1213,E_JDMtW_l0Y.jpg,51.577235772357724,115.0569105691057
1214,ejhtQmbGZr8.jpg,113.07317073170732,100.1788617886179
1215,Ejpx_sdKEKo.jpg,150.76422764227644,148.78048780487805
1216,E-JQUqfcvKY.jpg,112.08130081300814,109.10569105691054
1217,Ejw7WTnFPYI.jpg,63.47967479674797,152.7479674796748
1218,ek1RkcIOCKE.jpg,146.7967479674797,102.16260162601625
1219,eK2YZq4a0fU.jpg,126.95934959349594,124.97560975609757
1220,eK6Ath_Th-U.jpg,80.34146341463415,105.13821138211382
1221,Ek1rFEVpnsQ.jpg,125.96747967479676,114.06504065040652
1222,EKf428HQ130.jpg,118.03252032520325,110.09756097560977
1223,EK-lWbX3HB0.jpg,122.99186991869918,131.91869918699186
1224,eKm1A53Af_g.jpg,103.15447154471545,120.01626016260164
1225,EkqDplXiAow.jpg,140.84552845528455,95.21951219512195
1226,EKRkt64tYdc.jpg,100.1788617886179,45.62601626016261
1227,Eku9qm585rM.jpg,123.98373983739836,87.28455284552847
1228,EkvOEZOMvYE.jpg,119.02439024390243,130.9268292682927
1229,ekVOP7cfPQ0.jpg,111.08943089430892,82.32520325203252
1230,eLDdIPtjo7U.jpg,108.11382113821139,174.5691056910569
1231,ELISIYFi-ws.jpg,139.85365853658536,125.96747967479676
1232,elY5N2CkKjE.jpg,128.9430894308943,145.8048780487805
1233,ELy8RcnCgEo.jpg,123.98373983739836,162.66666666666666
1234,eLYtJoASChQ.jpg,109.10569105691054,47.609756097560975
1235,elz_jOsXTf4.jpg,122.99186991869918,100.1788617886179
1236,em4EYFX9ONs.jpg,141.83739837398375,82.32520325203252
1237,em7gIbjEL0I.jpg,118.03252032520325,141.83739837398375
1238,EM0kI2YTnP0.jpg,127.9512195121951,98.19512195121952
1239,emauZ86g85g.jpg,130.9268292682927,94.22764227642276
1240,eMdHivuHFoA.jpg,125.96747967479676,173.57723577235774
1241,EmKblwDsQxs.jpg,139.85365853658536,147.78861788617886
1242,E-MnIT8i9So.jpg,119.02439024390243,154.73170731707316
1243,EMRBGSgeIVs.jpg,125.96747967479676,116.04878048780489
1244,eMT_TIrG90k.jpg,122.0,106.130081300813
1245,e__MxlrBpuM.jpg,98.19512195121952,81.33333333333333
1246,enaFJelpNxY.jpg,155.72357723577235,184.4878048780488
1247,enC2tXW2ykI.jpg,78.85365853658537,163.65853658536588
1248,eNi9DGpVYWk.jpg,122.49593495934961,94.22764227642276
1249,ENiRUJoQHFU.jpg,156.21951219512195,112.08130081300814
1250,-e_njRV9hRE.jpg,120.51219512195122,175.5609756097561
1251,eNoiv5h1O3o.jpg,123.48780487804878,115.0569105691057
1252,en-RjVJurms.jpg,126.46341463414635,122.99186991869918
1253,ENRpSeOZ-aY.jpg,74.88617886178861,123.98373983739836
1254,ENsxoIz33SA.jpg,208.78861788617886,105.13821138211382
1255,eoAubhPm6H8.jpg,136.3821138211382,104.14634146341463
1256,EOEH1bjAcSg.jpg,104.64227642276423,123.98373983739836
1257,EoGBPqSiC3Q.jpg,119.52032520325203,75.38211382113822
1258,eOgf3b37VEU.jpg,122.49593495934961,120.01626016260164
1259,EOIToTneyZ4.jpg,199.86178861788616,124.97560975609757
1260,eoJbO7P_1RY.jpg,129.4390243902439,154.73170731707316
1261,eP9t2E6hzvI.jpg,123.48780487804878,144.8130081300813
1262,EP4ccdDJM1w.jpg,133.40650406504065,79.34959349593495
1263,ePbE9yXSMhU.jpg,144.3170731707317,87.28455284552847
1264,epbFlGlHb2k.jpg,113.56910569105692,105.13821138211382
1265,epC_9-DibEI.jpg,121.50406504065043,126.95934959349594
1266,EpjG7TWDogY.jpg,85.79674796747967,112.08130081300814
1267,EPLrqHHu2WI.jpg,122.49593495934961,137.869918699187
1268,EPUjmGnm2AA.jpg,107.61788617886178,127.9512195121951
1269,Epvjdf92eVU.jpg,64.96747967479675,169.60975609756096
1270,EPVTWAQsD4c.jpg,97.69918699186991,153.739837398374
1271,ePwEGur8gIw.jpg,152.2520325203252,133.90243902439025
1272,epWZiP40_AM.jpg,131.42276422764226,127.9512195121951
1273,Epxdkobgf5Q.jpg,146.3008130081301,113.07317073170732
1274,EPz5uSdMDUQ.jpg,130.4308943089431,122.99186991869918
1275,Eq2cmAIiH7U.jpg,168.12195121951217,122.0
1276,EQ56luxxbPI.jpg,173.08130081300817,119.02439024390243
1277,eqCyPhYCPjI.jpg,110.59349593495935,100.1788617886179
1278,EQEM2sI1-vo.jpg,101.66666666666667,97.20325203252033
1279,EQHAS9IKPA8.jpg,157.21138211382114,79.34959349593495
1280,eQHZIyhlyU4.jpg,131.42276422764226,101.17073170731706
1281,EQIFdgTYzwc.jpg,122.49593495934961,121.0081300813008
1282,_EqMEXqdE9M.jpg,113.56910569105692,134.89430894308944
1283,EQoy5wuqD0I.jpg,171.09756097560975,125.96747967479676
1284,eQRywYTBZOQ.jpg,109.60162601626016,136.87804878048783
1285,eQt87l3yfnE.jpg,119.52032520325203,111.08943089430892
1286,eqXiLNfZDc0.jpg,162.1707317073171,58.52032520325203
1287,erhCc_KIBPc.jpg,130.4308943089431,124.97560975609757
1288,ER-k5Ka9lWA.jpg,122.49593495934961,112.08130081300814
1289,EroYdeZY71I.jpg,113.56910569105692,75.38211382113822
1290,erTjj730fMk.jpg,156.21951219512195,125.96747967479676
1291,ERyHAx6dQlY.jpg,129.4390243902439,108.11382113821139
1292,Erzyy3Gy2LU.jpg,111.58536585365854,122.99186991869918
1293,eS7HrvG0mcA.jpg,149.27642276422765,128.9430894308943
1294,ES6qzx4jEJE.jpg,138.36585365853657,116.04878048780489
1295,-esAIGzeMqU.jpg,124.47967479674796,122.0
1296,ESdLRcxl3zI.jpg,120.51219512195122,95.21951219512195
1297,esFsRIt14NU.jpg,127.45528455284553,95.21951219512195
1298,eSiMUVzG95w.jpg,90.7560975609756,110.09756097560977
1299,esOC8MkpLPA.jpg,119.52032520325203,86.29268292682926
1300,e-S-Pe2EmrE.jpg,162.1707317073171,177.5447154471545
1301,ESpgum56JGU.jpg,140.34959349593495,92.2439024390244
1302,EszQhMd_sBo.jpg,123.48780487804878,130.9268292682927
1303,et4q6N3JAm8.jpg,124.47967479674796,82.32520325203252
1304,etJBEUW4ZDg.jpg,134.39837398373982,119.02439024390243
1305,Etobk5T7C_s.jpg,120.51219512195122,125.96747967479676
1306,eTOK4R3ZI-U.jpg,115.55284552845528,143.82113821138213
1307,etrym-ApBuI.jpg,123.48780487804878,148.78048780487805
1308,ETssG7s1pBI.jpg,124.47967479674796,120.01626016260164
1309,EttXghhkhlQ.jpg,128.4471544715447,141.83739837398375
1310,eT-X5-bRoMg.jpg,131.42276422764226,117.04065040650407
1311,EtxsgEcHnZg.jpg,182.00813008130083,96.21138211382113
1312,Eu2cbDzied0.jpg,124.47967479674796,111.08943089430892
1313,EU5FC6mUGoE.jpg,131.42276422764226,108.11382113821139
1314,eUaIxWndTUk.jpg,144.3170731707317,116.04878048780489
1315,Euh51by4ZIw.jpg,117.53658536585365,113.07317073170732
1316,euj6KbeuNJk.jpg,122.49593495934961,122.99186991869918
1317,eUobvePZrec.jpg,122.49593495934961,121.0081300813008
1318,EUqatWCcX-s.jpg,165.14634146341461,146.7967479674797
1319,eUrG-yIJC2o.jpg,151.260162601626,106.130081300813
1320,eUSfRwB_qY8.jpg,51.08130081300813,111.08943089430892
1321,EuSngguD40I.jpg,129.4390243902439,126.95934959349594
1322,EuuIa8XTLK4.jpg,82.8211382113821,140.84552845528455
1323,eUun_6955tI.jpg,129.4390243902439,97.20325203252033
1324,ev8bOkVvC4I.jpg,143.3252032520325,92.2439024390244
1325,Evb5GA0181k.jpg,116.54471544715446,106.130081300813
1326,EVbbRJmw2QE.jpg,93.73170731707314,124.97560975609757
1327,eVgKrpyUHgk.jpg,113.56910569105692,123.98373983739836
1328,EVkrWtZPsio.jpg,163.16260162601625,144.8130081300813
1329,evrHojTLBKE.jpg,161.17886178861787,134.89430894308944
1330,EvS_yFY48VU.jpg,124.47967479674796,120.01626016260164
1331,EVtAn8yQ250.jpg,119.52032520325203,121.0081300813008
1332,eVu7ZfOpbNQ.jpg,116.54471544715446,111.08943089430892
1333,evX-ej4zBs8.jpg,140.34959349593495,143.82113821138213
1334,EVYV305eFcc.jpg,158.2032520325203,104.14634146341463
1335,ew6Mt77oSHI.jpg,85.79674796747967,123.98373983739836
1336,ew7XKxj0Lsg.jpg,124.47967479674796,141.83739837398375
1337,eWFh_CUp_eA.jpg,89.76422764227641,116.04878048780489
1338,EWg-mAHuZqk.jpg,135.39024390243904,114.06504065040652
1339,EWnBD3Een3I.jpg,139.3577235772358,117.04065040650407
1340,ewSBvLSp3Tc.jpg,93.73170731707314,84.3089430894309
1341,ewUAtdqQ4wA.jpg,106.6260162601626,130.9268292682927
1342,eWxtGpnaCtU.jpg,116.54471544715446,108.11382113821139
1343,EX541gZJOyA.jpg,125.47154471544717,74.39024390243902
1344,ExarETx4xNA.jpg,137.3739837398374,139.85365853658536
1345,eXbgRmq_DHw.jpg,117.53658536585365,63.47967479674797
1346,EXdO9Z9Aof0.jpg,119.52032520325203,113.07317073170732
1347,eXgKsIsARcM.jpg,119.52032520325203,122.0
1348,eXN8_818_xU.jpg,120.51219512195122,102.16260162601625
1349,exS27fIKVYo.jpg,177.04878048780486,142.8292682926829
1350,eXSttBQoYbM.jpg,96.70731707317074,163.65853658536588
1351,EXuKQaf3Ei8.jpg,116.54471544715446,105.13821138211382
1352,EXytQoc6MPw.jpg,122.49593495934961,46.617886178861795
1353,EY8Eur2maxA.jpg,123.48780487804878,172.58536585365852
1354,EY8Fxfbsqm0.jpg,165.14634146341461,122.0
1355,eYbDKg2O7Lo.jpg,137.3739837398374,100.1788617886179
1356,EyCEX1e9EiY.jpg,105.63414634146342,121.0081300813008
1357,eypeNHaLfPc.jpg,140.34959349593495,142.8292682926829
1358,EyRalaLicv0.jpg,120.51219512195122,123.98373983739836
1359,EYWn25Tn-dA.jpg,120.51219512195122,107.12195121951218
1360,Ez5V2THOpDo.jpg,161.17886178861787,145.8048780487805
1361,EzAhT2CjWbY.jpg,163.16260162601625,107.12195121951218
1362,ezEKbRPBCR8.jpg,150.26829268292684,100.1788617886179
1363,eZExm0Aq6YM.jpg,128.4471544715447,156.71544715447155
1364,EzGKpiVsOhA.jpg,126.46341463414635,106.130081300813
1365,eZgLQ9KUTWM.jpg,123.48780487804878,117.04065040650407
1366,eZiWBcMXrGo.jpg,134.39837398373982,129.9349593495935
1367,EZj-pb2v6eA.jpg,169.1138211382114,161.6747967479675
1368,eznG7kRpFoQ.jpg,139.3577235772358,118.03252032520325
1369,EzpVvIrL-Xw.jpg,144.3170731707317,141.83739837398375
1370,EZSlp_sVXzM.jpg,88.77235772357724,119.02439024390243
1371,eZt9Zp9tGvU.jpg,99.68292682926827,97.20325203252033
1372,EZwBWe2XxKg.jpg,103.65040650406505,93.23577235772359
1373,f0heeiu-Ec0.jpg,116.54471544715446,124.97560975609757
1374,f0oe9P9Yixs.jpg,146.3008130081301,131.91869918699186
1375,f0rUMWLE1pk.jpg,128.4471544715447,120.01626016260164
1376,f1LdoLwJuKY.jpg,161.17886178861787,137.869918699187
1377,f1Szwj8KVDs.jpg,96.70731707317074,64.47154471544717
1378,f2gPKCG5Hqg.jpg,108.60975609756098,157.70731707317074
1379,f3DHwgNhvxI.jpg,146.3008130081301,121.0081300813008
1380,f3Os5oCc874.jpg,108.60975609756098,80.34146341463415
1381,f4GdYFpUyH8.jpg,206.8048780487805,209.28455284552845
1382,f04IRgkV1AM.jpg,167.130081300813,88.27642276422765
1383,f4N_Iq0uhUQ.jpg,112.57723577235772,125.96747967479676
1384,f4RAhPf7ncI.jpg,92.73983739837398,109.10569105691054
1385,f5Fx_B3Qc4o.jpg,163.16260162601625,91.25203252032522
1386,f6fDUxjk47k.jpg,117.53658536585365,59.512195121951216
1387,f6mwgHpHHnA.jpg,123.48780487804878,191.4308943089431
1388,f7wHooaH-YI.jpg,126.46341463414635,134.89430894308944
1389,f8R_kFRACJ4.jpg,99.68292682926827,151.7560975609756
1390,f9B6uiwrBWo.jpg,118.52845528455286,130.9268292682927
1391,f9dOqzYRAcU.jpg,129.4390243902439,127.9512195121951
1392,f9NACz3-V-s.jpg,129.4390243902439,115.0569105691057
1393,f19Pxh_96CA.jpg,115.55284552845528,128.9430894308943
1394,f29f7NonqdM.jpg,115.55284552845528,126.95934959349594
1395,f49STOSOuaI.jpg,168.12195121951217,113.07317073170732
1396,F0CW4F8ut3U.jpg,113.56910569105692,181.5121951219512
1397,F0if-2LD4cA.jpg,116.54471544715446,126.95934959349594
1398,F0ivNc3yoOI.jpg,130.4308943089431,138.86178861788616
1399,F0_qeY5OWJE.jpg,157.21138211382114,170.60162601626018
1400,F1AYzQqsIbY.jpg,168.12195121951217,98.19512195121952
1401,F1cMxMqk0Vc.jpg,139.3577235772358,166.63414634146343
1402,F1F84QlcxZ8.jpg,119.52032520325203,72.40650406504065
1403,F2DDx_PnYKA.jpg,121.50406504065043,112.08130081300814
1404,F2eHfMwIOxA.jpg,153.2439024390244,123.98373983739836
1405,F3ks2pDyH4s.jpg,123.48780487804878,158.6991869918699
1406,F3rDBnQQbQU.jpg,124.47967479674796,133.90243902439025
1407,F4dGVi1g8rQ.jpg,128.4471544715447,139.85365853658536
1408,F4-j7I4sFBU.jpg,148.28455284552845,135.8861788617886
1409,F4PZ1HhQ5_U.jpg,124.47967479674796,102.16260162601625
1410,F04_Vc_SJO8.jpg,118.52845528455286,139.85365853658536
1411,F5WdhAHao7E.jpg,152.2520325203252,109.10569105691054
1412,F6M6dCfdxf4.jpg,132.41463414634148,89.26829268292683
1413,F7N3mAR4zUc.jpg,121.50406504065043,125.96747967479676
1414,F7Sive0fwIg.jpg,141.34146341463412,122.99186991869918
1415,F07Su5SRI8M.jpg,120.51219512195122,68.43902439024392
1416,F7UKfCkvjY4.jpg,126.46341463414635,51.577235772357724
1417,F8cqx-8Gj-Q.jpg,147.29268292682926,116.04878048780489
1418,F8En-DV3Hv8.jpg,114.56097560975608,123.98373983739836
1419,F8mUf0hjf74.jpg,112.57723577235772,108.11382113821139
1420,F9o9PEx7MAQ.jpg,152.2520325203252,104.14634146341463
1421,_F93tILWb_Y.jpg,119.52032520325203,95.21951219512195
1422,fa2Yf8x8_3c.jpg,152.2520325203252,127.9512195121951
1423,fA6PXjd41JI.jpg,148.28455284552845,134.89430894308944
1424,Fa5zsVbg71U.jpg,140.34959349593495,134.89430894308944
1425,_FacZj2pLAc.jpg,122.49593495934961,152.7479674796748
1426,fAd4u_HTGGY.jpg,123.48780487804878,122.99186991869918
1427,FAd7ce2snms.jpg,93.73170731707314,104.14634146341463
1428,FaGkuorkWP0.jpg,129.4390243902439,137.869918699187
1429,FAutKFEWW2E.jpg,122.49593495934961,62.487804878048784
1430,favQn8WgRyk.jpg,165.14634146341461,88.27642276422765
1431,Fax2awvVbt8.jpg,110.59349593495935,183.4959349593496
1432,FbhNdD1ow2g.jpg,153.2439024390244,118.03252032520325
1433,fBMnVjTfMJs.jpg,93.73170731707314,166.63414634146343
1434,fb_-ORNv8fI.jpg,129.4390243902439,101.17073170731706
1435,FB-RZVCjTVQ.jpg,106.6260162601626,69.43089430894308
1436,F-BwatcPqnw.jpg,119.52032520325203,166.63414634146343
1437,FBYLaMM3SgQ.jpg,130.4308943089431,168.6178861788618
1438,fc8XKg43Dx8.jpg,95.71544715447156,137.869918699187
1439,FC9mIjVT-Yw.jpg,67.9430894308943,156.71544715447155
1440,Fcc-1zBOgPk.jpg,140.34959349593495,137.869918699187
1441,Fcf3OcxiDoE.jpg,85.79674796747967,115.0569105691057
1442,FCPJn1NeFdI.jpg,165.14634146341461,151.7560975609756
1443,FCqMgRuB4D4.jpg,138.36585365853657,122.0
1444,fczScUUQ2FY.jpg,143.3252032520325,160.6829268292683
1445,FCZW1G_06_4.jpg,142.33333333333334,164.65040650406505
1446,FDCr4frb7Vg.jpg,82.8211382113821,146.7967479674797
1447,FDgvc4IWHgc.jpg,95.71544715447156,109.10569105691054
